customer_id,age,gender,country,signup_date,subscription_status,cancellations_count,purchase_frequency,rating
CUST1000,39,Female,Canada,2021-07-01,active,0,37,4.2
CUST1001,61,Female,USA,2020-10-19,active,0,35,4.0
CUST1002,26,Female,Pakistan,2023-10-06,cancelled,3,44,3.9
CUST1003,54,Male,India,2023-07-30,paused,4,1,4.2
CUST1004,50,Male,India,2020-09-12,active,0,35,4.2
CUST1005,46,Male,Pakistan,2023-05-16,active,2,16,3.9
CUST1006,29,Female,Germany,2023-10-04,active,1,7,4.1
CUST1007,24,Female,UK,2022-11-07,active,2,34,4.3
CUST1008,53,Female,Pakistan,2021-04-25,paused,4,32,4.2
CUST1009,38,Male,Germany,2021-09-12,active,2,6,4.0
CUST1010,41,Female,UK,2020-04-10,active,2,38,4.3
CUST1011,24,Female,Canada,2022-12-02,active,1,24,4.2
CUST1012,39,Female,Canada,2020-12-20,active,2,36,4.4
CUST1013,61,Female,USA,2021-02-19,active,3,5,4.2
CUST1014,64,Female,UK,2021-02-27,active,1,20,4.1
CUST1015,28,Female,UK,2021-12-31,cancelled,5,27,4.4
CUST1016,34,Female,USA,2021-06-07,active,1,31,4.2
CUST1017,22,Male,Pakistan,2021-09-14,cancelled,0,18,4.0
CUST1018,42,Male,USA,2023-05-25,paused,5,14,4.1
CUST1019,51,Female,India,2022-09-14,paused,0,41,4.3
CUST1020,64,Female,Canada,2022-03-13,active,4,2,4.5
CUST1021,52,Male,Germany,2021-02-02,paused,1,9,3.7
CUST1022,28,Female,Germany,2022-09-06,active,2,39,4.3
CUST1023,25,Male,Germany,2021-04-05,active,5,16,4.0
CUST1024,45,Male,Germany,2022-04-14,active,2,20,4.3
CUST1025,49,Male,India,2021-07-11,cancelled,3,40,4.2
CUST1026,27,Male,Germany,2023-05-15,paused,0,28,4.2
CUST1027,69,Male,Pakistan,2021-03-23,cancelled,4,42,4.0
CUST1028,66,Male,India,2021-02-06,active,1,45,4.4
CUST1029,43,Female,Canada,2020-08-22,cancelled,3,14,4.3
CUST1030,18,Male,Germany,2021-04-19,active,5,24,4.5
CUST1031,37,Male,Canada,2021-08-19,paused,4,9,4.0
CUST1032,52,Female,Germany,2021-09-02,cancelled,0,26,4.3
CUST1033,50,Male,Canada,2022-03-25,active,5,29,4.3
CUST1034,49,Female,UK,2021-02-26,active,5,12,3.9
CUST1035,48,Female,India,2021-11-07,active,3,24,3.9
CUST1036,42,Male,UK,2023-03-08,paused,0,13,4.4
CUST1037,66,Male,India,2023-03-25,active,3,48,4.0
CUST1038,25,Female,Pakistan,2022-02-17,paused,3,11,4.2
CUST1039,40,Female,India,2022-04-12,active,5,47,4.2
CUST1040,31,Male,USA,2023-08-05,active,3,45,4.5
CUST1041,55,Female,Pakistan,2022-07-19,active,5,5,4.3
CUST1042,57,Other,Germany,2023-05-23,paused,4,36,4.2
CUST1043,55,Female,UK,2023-04-22,active,4,45,4.3
CUST1044,47,Male,Germany,2022-11-03,cancelled,5,48,4.0
CUST1045,29,Male,Pakistan,2020-11-30,active,0,6,3.3
CUST1046,19,Female,Pakistan,2023-03-21,active,0,37,4.1
CUST1047,38,Male,Canada,2021-07-13,active,1,23,4.4
CUST1048,48,Male,Pakistan,2023-10-04,paused,5,35,3.6
CUST1049,58,Male,Germany,2022-06-17,active,4,30,4.2
CUST1050,27,Female,Pakistan,2020-08-29,paused,0,37,4.4
CUST1051,54,Male,Canada,2022-05-12,active,2,14,4.2
CUST1052,67,Female,USA,2020-09-09,active,3,4,4.3
CUST1053,51,Female,Canada,2020-05-10,cancelled,4,8,4.2
CUST1054,59,Male,UK,2023-03-05,cancelled,0,1,4.1
CUST1055,42,Female,USA,2022-09-04,cancelled,4,23,3.7
CUST1056,38,Male,USA,2023-08-15,active,0,17,4.2
CUST1057,23,Female,Germany,2023-02-27,active,5,1,4.2
CUST1058,18,Male,USA,2021-04-22,active,3,18,4.2
CUST1059,41,Female,Canada,2020-08-30,paused,0,13,4.3
CUST1060,35,Female,Canada,2021-08-16,cancelled,1,42,3.7
CUST1061,39,Female,Canada,2021-12-29,active,3,2,4.3
CUST1062,33,Female,UK,2021-09-09,paused,4,13,4.0
CUST1063,34,Female,Canada,2020-11-26,active,4,9,4.2
CUST1064,22,Female,Germany,2022-08-07,cancelled,4,16,4.2
CUST1065,56,Male,Pakistan,2020-11-16,paused,1,7,4.4
CUST1066,54,Female,Pakistan,2023-07-13,cancelled,3,9,4.1
CUST1067,66,Female,UK,2021-09-24,active,4,39,4.3
CUST1068,45,Other,Canada,2023-05-27,active,5,40,4.2
CUST1069,19,Male,Canada,2022-01-25,active,4,33,4.3
CUST1070,33,Female,India,2023-07-29,active,3,25,4.5
CUST1071,62,Female,India,2021-09-10,active,2,13,4.1
CUST1072,34,Male,Canada,2020-12-14,active,3,28,4.2
CUST1073,57,Male,Pakistan,2021-01-11,cancelled,0,13,4.0
CUST1074,21,Female,India,2021-08-19,active,2,27,4.1
CUST1075,43,Female,USA,2022-08-20,cancelled,1,32,4.1
CUST1076,63,Male,USA,2021-03-05,cancelled,5,19,4.0
CUST1077,35,Female,UK,2021-07-17,cancelled,2,47,4.1
CUST1078,55,Female,UK,2021-11-04,cancelled,2,44,3.9
CUST1079,54,Male,Germany,2020-05-10,active,5,21,4.0
CUST1080,53,Male,Germany,2021-02-11,active,0,4,4.2
CUST1081,20,Male,USA,2023-01-07,active,5,8,4.0
CUST1082,18,Male,UK,2021-09-23,active,0,20,3.4
CUST1083,44,Female,UK,2021-03-10,active,0,16,4.4
CUST1084,20,Male,Pakistan,2021-02-12,active,0,1,4.2
CUST1085,51,Female,Germany,2021-04-04,active,0,7,4.2
CUST1086,55,Female,Germany,2021-01-15,active,1,3,4.3
CUST1087,52,Female,Pakistan,2022-05-04,cancelled,1,45,4.3
CUST1088,31,Female,Germany,2021-10-16,cancelled,4,38,4.5
CUST1089,46,Male,India,2021-08-28,active,5,29,4.2
CUST1090,61,Female,Pakistan,2023-07-07,active,0,14,3.6
CUST1091,30,Female,Canada,2021-02-27,active,2,8,4.2
CUST1092,56,Female,Canada,2021-09-13,active,2,28,4.2
CUST1093,24,Male,Canada,2023-05-29,paused,0,30,4.1
CUST1094,68,Female,Pakistan,2022-07-14,active,2,38,4.2
CUST1095,52,Male,Canada,2022-10-20,cancelled,5,40,3.7
CUST1096,43,Female,USA,2021-02-15,active,0,30,3.8
CUST1097,35,Male,Pakistan,2021-03-31,active,4,26,3.7
CUST1098,66,Male,Germany,2021-09-15,paused,5,40,4.5
CUST1099,32,Female,UK,2021-09-18,active,2,5,4.1
CUST1100,57,Female,UK,2020-11-28,cancelled,2,26,4.3
CUST1101,49,Male,USA,2022-04-15,active,2,48,4.3
CUST1102,62,Female,USA,2023-08-14,active,1,35,4.0
CUST1103,36,Female,Germany,2023-06-18,active,4,41,4.2
CUST1104,51,Male,USA,2022-07-27,paused,2,13,4.2
CUST1105,54,Female,India,2022-01-10,active,4,24,4.3
CUST1106,27,Female,UK,2022-09-15,cancelled,0,34,4.2
CUST1107,42,Female,Germany,2020-10-16,active,0,39,4.3
CUST1108,51,Other,India,2022-04-07,cancelled,3,26,4.3
CUST1109,39,Male,India,2022-06-11,cancelled,1,44,3.9
CUST1110,23,Female,Canada,2022-10-29,active,1,11,4.1
CUST1111,59,Female,India,2023-01-27,paused,0,41,4.3
CUST1112,29,Female,Canada,2021-02-13,paused,4,28,4.3
CUST1113,50,Male,India,2023-11-08,cancelled,0,13,4.1
CUST1114,31,Female,Pakistan,2021-12-16,active,3,15,4.5
CUST1115,65,Female,Canada,2022-07-26,active,3,42,4.1
CUST1116,28,Female,Canada,2022-11-29,active,0,3,3.6
CUST1117,31,Male,Germany,2020-12-30,cancelled,0,7,3.5
CUST1118,45,Male,Canada,2022-01-03,active,1,22,4.0
CUST1119,19,Female,USA,2021-12-09,active,1,25,3.8
CUST1120,64,Male,Pakistan,2020-11-16,cancelled,5,1,4.4
CUST1121,23,Male,UK,2022-10-30,active,5,3,3.7
CUST1122,22,Male,UK,2022-03-12,cancelled,2,49,4.3
CUST1123,68,Male,USA,2023-04-25,cancelled,1,38,4.1
CUST1124,61,Female,Canada,2023-02-19,cancelled,3,5,4.2
CUST1125,52,Male,UK,2023-05-20,active,0,28,4.1
CUST1126,35,Female,UK,2021-09-06,active,1,41,4.3
CUST1127,45,Female,Germany,2022-07-25,cancelled,2,49,4.2
CUST1128,49,Female,Germany,2022-09-28,active,2,43,4.2
CUST1129,31,Male,UK,2021-04-24,active,0,34,4.4
CUST1130,33,Male,Germany,2022-10-20,cancelled,3,3,4.3
CUST1131,21,Female,UK,2021-08-11,cancelled,0,13,4.3
CUST1132,59,Female,USA,2022-07-13,active,3,3,4.0
CUST1133,46,Female,Germany,2021-06-29,active,2,34,3.9
CUST1134,35,Male,UK,2021-05-09,active,1,43,4.2
CUST1135,51,Male,USA,2023-05-20,cancelled,5,28,4.3
CUST1136,51,Female,India,2022-10-01,active,1,25,3.9
CUST1137,39,Female,USA,2021-02-05,active,3,11,4.6
CUST1138,36,Female,Germany,2023-07-04,active,3,16,3.9
CUST1139,49,Female,Pakistan,2023-07-06,active,3,12,4.3
CUST1140,55,Male,UK,2022-02-14,active,2,3,4.1
CUST1141,19,Female,Germany,2023-03-24,cancelled,4,9,4.4
CUST1142,47,Female,UK,2023-02-06,cancelled,0,46,3.2
CUST1143,53,Female,India,2021-10-20,active,5,30,4.2
CUST1144,46,Female,India,2021-10-11,active,3,18,4.2
CUST1145,48,Male,Germany,2021-07-08,cancelled,2,23,3.7
CUST1146,47,Female,USA,2021-03-17,active,1,24,4.5
CUST1147,26,Other,Germany,2022-08-24,active,5,28,4.2
CUST1148,20,Male,India,2021-05-12,active,1,17,4.2
CUST1149,51,Male,Germany,2021-09-23,cancelled,2,37,4.2
CUST1150,20,Male,Germany,2021-09-22,cancelled,3,40,4.1
CUST1151,49,Female,USA,2020-12-26,active,3,40,4.3
CUST1152,27,Female,Pakistan,2021-09-11,active,5,41,4.3
CUST1153,52,Female,India,2022-07-27,active,2,18,4.3
CUST1154,24,Other,UK,2020-10-13,cancelled,1,42,3.4
CUST1155,54,Female,UK,2022-08-28,cancelled,1,7,4.3
CUST1156,42,Male,Pakistan,2021-06-10,active,0,1,4.4
CUST1157,55,Male,Canada,2022-07-17,cancelled,4,45,3.9
CUST1158,35,Female,Pakistan,2020-11-22,active,4,24,4.1
CUST1159,31,Male,Pakistan,2022-09-04,active,3,1,3.9
CUST1160,21,Male,Germany,2022-05-22,active,1,21,4.0
CUST1161,65,Female,Canada,2022-07-30,active,5,24,4.3
CUST1162,30,Female,Canada,2020-09-30,cancelled,4,44,4.0
CUST1163,38,Female,Pakistan,2023-02-07,cancelled,4,38,3.9
CUST1164,64,Male,Germany,2022-11-19,paused,3,34,4.5
CUST1165,45,Male,Germany,2023-12-05,active,5,9,3.9
CUST1166,41,Male,UK,2021-03-09,cancelled,2,3,4.2
CUST1167,38,Male,Pakistan,2021-11-23,cancelled,1,8,4.0
CUST1168,62,Other,Germany,2021-01-23,active,2,36,4.3
CUST1169,47,Male,India,2021-02-05,active,5,49,4.0
CUST1170,65,Female,UK,2021-09-05,active,5,47,4.4
CUST1171,36,Female,UK,2021-04-17,cancelled,1,2,4.3
CUST1172,64,Female,Canada,2022-02-19,cancelled,0,28,4.0
CUST1173,38,Male,Pakistan,2022-12-05,cancelled,5,42,4.3
CUST1174,51,Male,Germany,2023-02-15,active,4,39,5.0
CUST1175,62,Male,Pakistan,2021-09-15,active,5,26,3.7
CUST1176,20,Male,Pakistan,2023-11-07,cancelled,3,17,4.0
CUST1177,21,Female,Canada,2020-11-19,paused,4,34,4.1
CUST1178,45,Female,Canada,2021-11-14,cancelled,3,18,4.0
CUST1179,48,Male,Germany,2021-07-24,active,2,15,3.3
CUST1180,48,Male,Pakistan,2023-10-04,active,0,33,3.8
CUST1181,33,Male,Pakistan,2023-03-21,cancelled,3,42,4.1
CUST1182,37,Male,India,2021-01-08,active,0,5,4.1
CUST1183,59,Male,Canada,2021-04-19,active,2,23,4.4
CUST1184,37,Male,USA,2023-09-07,active,3,33,4.3
CUST1185,47,Female,Canada,2022-06-22,active,2,9,4.3
CUST1186,62,Female,Canada,2021-08-08,active,5,10,4.4
CUST1187,26,Female,India,2023-06-05,cancelled,1,39,4.3
CUST1188,20,Female,Pakistan,2021-05-25,active,0,34,3.9
CUST1189,40,Male,Germany,2022-10-22,active,5,40,4.2
CUST1190,49,Female,Pakistan,2021-07-19,cancelled,4,7,4.2
CUST1191,33,Male,UK,2022-02-15,cancelled,4,9,4.1
CUST1192,54,Other,Pakistan,2021-03-10,active,2,29,4.3
CUST1193,28,Male,Canada,2021-08-14,active,5,26,3.7
CUST1194,36,Female,Canada,2021-10-05,cancelled,2,10,4.1
CUST1195,57,Male,India,2023-07-19,active,0,46,3.9
CUST1196,36,Male,India,2020-07-10,active,3,49,4.0
CUST1197,34,Male,USA,2022-01-10,active,2,45,4.2
CUST1198,39,Female,USA,2022-04-25,cancelled,4,35,4.4
CUST1199,32,Male,Pakistan,2022-11-10,active,4,43,4.1
CUST1200,69,Female,Germany,2021-11-07,cancelled,2,23,4.3
CUST1201,61,Male,India,2023-03-29,cancelled,0,47,3.8
CUST1202,68,Female,UK,2021-06-11,active,4,13,4.4
CUST1203,61,Other,Germany,2021-07-22,cancelled,4,6,4.0
CUST1204,22,Female,USA,2021-12-05,active,0,13,4.4
CUST1205,58,Male,India,2021-08-20,cancelled,2,13,4.0
CUST1206,59,Female,Germany,2021-11-24,active,1,26,4.2
CUST1207,32,Male,India,2023-07-16,active,1,38,3.9
CUST1208,37,Male,India,2022-12-09,active,0,33,3.7
CUST1209,30,Male,Pakistan,2022-12-04,active,2,6,3.6
CUST1210,30,Female,UK,2022-03-14,active,0,40,4.0
CUST1211,65,Male,UK,2022-08-03,paused,2,34,3.5
CUST1212,48,Female,Canada,2022-04-26,cancelled,4,45,4.5
CUST1213,56,Female,Pakistan,2021-04-01,cancelled,2,40,4.2
CUST1214,29,Female,Germany,2022-10-26,cancelled,0,36,3.8
CUST1215,64,Male,India,2021-08-03,active,4,30,3.8
CUST1216,48,Female,Pakistan,2022-06-11,active,3,32,4.1
CUST1217,59,Male,Germany,2023-04-27,active,5,3,4.3
CUST1218,36,Female,Canada,2022-01-07,active,5,30,4.4
CUST1219,20,Female,Canada,2023-08-20,active,4,38,3.9
CUST1220,51,Female,Pakistan,2022-06-06,paused,3,27,4.2
CUST1221,49,Female,USA,2020-01-10,active,2,45,3.8
CUST1222,46,Female,Canada,2022-04-26,active,1,12,4.1
CUST1223,25,Female,Pakistan,2023-05-01,active,0,32,4.1
CUST1224,19,Female,USA,2021-10-27,active,1,21,4.3
CUST1225,62,Female,UK,2023-02-27,active,5,7,3.7
CUST1226,52,Female,Germany,2021-03-19,active,2,45,4.0
CUST1227,52,Other,Germany,2021-09-14,active,5,11,4.2
CUST1228,47,Female,Germany,2022-03-16,active,0,13,4.1
CUST1229,46,Male,UK,2022-07-25,active,2,27,4.3
CUST1230,18,Female,India,2022-06-21,active,1,38,4.4
CUST1231,66,Female,Pakistan,2023-12-01,active,5,33,4.3
CUST1232,54,Other,UK,2022-07-14,cancelled,4,30,4.3
CUST1233,35,Female,India,2022-07-04,active,1,26,3.5
CUST1234,65,Male,USA,2021-11-16,cancelled,1,15,3.9
CUST1235,22,Female,Pakistan,2020-09-22,cancelled,0,47,4.5
CUST1236,60,Female,Pakistan,2021-09-23,active,2,11,3.4
CUST1237,57,Female,Germany,2023-10-01,cancelled,1,28,4.0
CUST1238,37,Female,Canada,2021-11-29,active,2,3,4.0
CUST1239,50,Female,USA,2022-12-27,active,5,8,4.4
CUST1240,22,Female,Germany,2022-05-21,active,5,22,4.0
CUST1241,46,Female,Canada,2020-09-16,active,0,39,4.3
CUST1242,59,Male,India,2021-09-05,active,2,40,4.0
CUST1243,53,Female,Germany,2021-12-18,active,2,5,4.2
CUST1244,40,Female,USA,2022-10-17,active,5,23,3.8
CUST1245,67,Female,UK,2020-10-31,active,0,40,4.4
CUST1246,26,Male,Germany,2021-01-13,active,2,23,3.9
CUST1247,67,Female,UK,2022-11-18,active,5,39,4.2
CUST1248,23,Male,USA,2021-08-29,paused,2,11,3.9
CUST1249,51,Female,India,2022-12-18,cancelled,1,18,4.7
CUST1250,64,Female,India,2021-02-21,active,2,39,3.6
CUST1251,42,Female,Germany,2023-05-20,active,2,39,3.7
CUST1252,23,Male,Pakistan,2021-05-13,paused,1,6,4.2
CUST1253,57,Female,India,2021-12-02,active,0,37,4.0
CUST1254,29,Male,India,2022-12-09,active,0,24,3.6
CUST1255,60,Female,USA,2023-09-02,paused,5,40,4.3
CUST1256,22,Female,Germany,2021-05-28,active,2,44,4.2
CUST1257,56,Male,Canada,2021-10-18,cancelled,2,14,4.3
CUST1258,65,Female,India,2020-02-09,active,2,35,4.2
CUST1259,40,Male,USA,2021-02-18,active,0,48,4.2
CUST1260,34,Female,UK,2022-12-14,active,1,14,4.4
CUST1261,36,Female,UK,2022-02-09,paused,5,8,4.2
CUST1262,46,Female,India,2023-03-04,active,1,25,4.4
CUST1263,65,Male,UK,2020-02-09,paused,5,28,3.0
CUST1264,31,Female,Pakistan,2022-07-22,cancelled,3,37,4.5
CUST1265,57,Female,Germany,2023-02-27,cancelled,3,47,4.3
CUST1266,32,Male,Pakistan,2023-04-25,paused,1,16,4.2
CUST1267,47,Male,India,2022-07-28,active,2,12,4.4
CUST1268,28,Male,USA,2022-10-29,active,3,1,4.0
CUST1269,58,Female,UK,2021-11-30,cancelled,3,45,3.8
CUST1270,27,Female,Germany,2021-04-05,cancelled,1,17,4.3
CUST1271,52,Female,India,2021-06-11,paused,4,38,4.2
CUST1272,28,Female,USA,2022-10-31,active,3,41,4.1
CUST1273,53,Female,Pakistan,2021-03-28,active,1,49,4.0
CUST1274,61,Female,USA,2021-08-31,active,0,1,4.2
CUST1275,53,Female,Germany,2021-06-09,active,3,46,3.3
CUST1276,59,Female,UK,2022-05-29,cancelled,3,12,4.3
CUST1277,33,Female,India,2022-09-12,active,4,30,3.8
CUST1278,53,Female,UK,2023-06-05,paused,0,41,4.2
CUST1279,47,Male,Germany,2020-10-14,cancelled,4,49,3.7
CUST1280,52,Male,Canada,2022-10-20,active,5,14,4.3
CUST1281,59,Female,UK,2021-04-04,cancelled,0,23,3.9
CUST1282,63,Male,Pakistan,2023-05-15,active,2,28,3.0
CUST1283,29,Male,Canada,2021-09-07,active,4,28,4.3
CUST1284,45,Male,Germany,2020-06-11,paused,1,23,3.5
CUST1285,54,Female,India,2021-05-22,cancelled,3,39,3.9
CUST1286,28,Male,UK,2021-11-27,paused,2,24,4.0
CUST1287,45,Female,UK,2022-09-04,active,3,15,4.3
CUST1288,28,Male,Pakistan,2022-12-02,active,1,8,3.8
CUST1289,29,Other,USA,2021-08-04,cancelled,0,22,4.3
CUST1290,47,Male,Pakistan,2023-02-25,active,2,7,3.3
CUST1291,41,Female,Germany,2023-03-28,active,4,47,4.5
CUST1292,37,Male,India,2021-12-13,cancelled,5,19,4.1
CUST1293,58,Male,UK,2023-05-01,active,4,6,4.2
CUST1294,38,Male,Canada,2020-05-10,active,5,29,4.1
CUST1295,68,Male,UK,2023-01-15,active,0,14,4.4
CUST1296,38,Female,UK,2022-09-06,active,2,5,4.2
CUST1297,66,Male,Pakistan,2021-08-03,paused,5,2,3.9
CUST1298,42,Female,USA,2021-01-03,cancelled,3,15,4.0
CUST1299,45,Male,Pakistan,2021-02-28,cancelled,5,38,4.5
CUST1300,19,Female,Canada,2023-08-14,active,1,25,3.7
CUST1301,65,Female,USA,2023-08-08,active,2,7,4.2
CUST1302,55,Female,USA,2023-07-28,paused,3,21,4.2
CUST1303,45,Female,Germany,2022-12-09,cancelled,1,11,4.2
CUST1304,35,Male,India,2021-10-14,active,5,6,4.3
CUST1305,26,Male,Germany,2021-07-28,active,3,31,4.4
CUST1306,56,Female,USA,2022-11-13,active,4,47,4.2
CUST1307,40,Male,Canada,2022-01-17,paused,0,20,4.3
CUST1308,57,Male,Germany,2021-08-04,active,4,49,3.7
CUST1309,57,Female,UK,2020-09-29,active,3,20,4.3
CUST1310,21,Female,Germany,2021-03-16,cancelled,4,6,4.2
CUST1311,31,Female,Germany,2020-09-19,paused,3,25,4.4
CUST1312,52,Female,UK,2020-01-12,active,0,49,3.5
CUST1313,27,Other,Pakistan,2021-10-21,active,4,30,4.1
CUST1314,32,Male,Canada,2021-08-01,active,1,15,4.3
CUST1315,55,Male,Pakistan,2021-02-08,cancelled,5,49,4.2
CUST1316,37,Female,Canada,2022-02-03,cancelled,2,32,4.0
CUST1317,19,Female,Germany,2023-08-05,active,4,6,3.9
CUST1318,59,Female,USA,2022-11-12,cancelled,1,48,3.3
CUST1319,67,Male,India,2023-08-20,cancelled,4,32,3.8
CUST1320,31,Female,Germany,2023-07-03,paused,2,46,4.0
CUST1321,19,Male,USA,2023-07-04,active,0,23,4.3
CUST1322,41,Female,India,2022-08-27,cancelled,5,49,3.9
CUST1323,59,Female,Pakistan,2022-07-23,active,3,46,4.2
CUST1324,61,Male,India,2023-07-27,active,5,29,5.0
CUST1325,46,Other,Canada,2020-10-09,cancelled,4,39,4.1
CUST1326,19,Female,UK,2021-11-10,active,2,39,3.9
CUST1327,44,Female,Pakistan,2021-02-11,active,4,15,4.2
CUST1328,64,Male,Pakistan,2022-04-22,active,1,49,4.3
CUST1329,66,Female,India,2021-12-09,active,0,9,3.8
CUST1330,60,Female,Germany,2021-08-12,active,2,13,4.3
CUST1331,36,Female,Canada,2022-05-28,active,0,27,4.4
CUST1332,49,Male,Canada,2022-10-08,active,2,2,4.3
CUST1333,45,Female,Pakistan,2023-11-07,active,4,25,4.3
CUST1334,54,Male,UK,2021-08-02,active,4,47,4.2
CUST1335,22,Female,Germany,2021-12-24,cancelled,0,38,4.3
CUST1336,22,Female,UK,2021-08-24,active,5,2,3.8
CUST1337,22,Female,USA,2023-07-19,paused,0,9,4.3
CUST1338,45,Female,UK,2022-06-14,paused,3,16,4.0
CUST1339,40,Female,UK,2022-09-13,active,2,23,4.3
CUST1340,21,Female,Canada,2023-03-15,active,1,27,4.3
CUST1341,27,Male,Pakistan,2021-08-10,active,2,10,4.0
CUST1342,57,Male,Canada,2021-09-01,active,1,44,4.0
CUST1343,59,Male,Canada,2023-02-16,active,5,30,4.4
CUST1344,21,Male,USA,2021-04-14,active,0,37,4.1
CUST1345,35,Male,UK,2021-12-26,active,4,15,4.0
CUST1346,37,Female,Germany,2021-10-14,active,2,7,3.9
CUST1347,26,Female,Pakistan,2020-12-10,active,1,4,4.1
CUST1348,41,Male,Germany,2021-09-27,cancelled,0,11,4.2
CUST1349,43,Male,Canada,2023-01-05,active,1,8,3.9
CUST1350,61,Female,UK,2021-06-18,active,3,36,4.0
CUST1351,51,Female,Pakistan,2021-10-28,cancelled,0,2,4.0
CUST1352,57,Female,USA,2021-11-18,cancelled,4,14,4.1
CUST1353,34,Female,Germany,2021-03-20,cancelled,2,49,4.4
CUST1354,22,Female,UK,2022-12-18,cancelled,4,8,4.2
CUST1355,50,Male,Pakistan,2020-11-19,cancelled,0,38,4.3
CUST1356,66,Female,UK,2020-03-11,active,0,29,4.3
CUST1357,66,Male,UK,2021-08-21,active,3,29,3.9
CUST1358,47,Female,Canada,2020-12-09,active,0,26,4.4
CUST1359,39,Female,India,2021-06-12,cancelled,5,44,4.0
CUST1360,48,Female,India,2023-01-08,active,5,36,4.2
CUST1361,23,Male,India,2022-05-08,cancelled,1,48,4.1
CUST1362,18,Female,Germany,2021-11-06,active,1,3,4.4
CUST1363,29,Female,UK,2021-10-19,cancelled,4,9,4.1
CUST1364,21,Female,Germany,2020-10-23,cancelled,5,41,4.2
CUST1365,32,Male,Pakistan,2021-01-02,active,4,21,4.2
CUST1366,60,Female,India,2022-02-22,active,3,17,4.1
CUST1367,27,Female,Pakistan,2021-12-02,active,3,24,4.0
CUST1368,66,Male,USA,2023-06-05,cancelled,3,7,4.2
CUST1369,27,Female,USA,2021-09-05,active,4,22,4.2
CUST1370,37,Male,UK,2021-09-30,active,1,16,4.1
CUST1371,43,Female,Canada,2023-01-19,active,5,24,4.1
CUST1372,63,Male,Germany,2022-10-18,active,4,7,4.2
CUST1373,64,Female,Germany,2021-10-20,active,2,37,4.0
CUST1374,19,Male,India,2021-04-14,cancelled,4,38,4.3
CUST1375,63,Male,Germany,2022-05-29,paused,5,17,4.3
CUST1376,56,Female,Germany,2022-04-13,active,5,42,4.1
CUST1377,33,Male,Germany,2021-07-28,active,3,34,4.0
CUST1378,48,Male,Canada,2022-10-04,active,1,40,4.1
CUST1379,47,Female,Germany,2021-12-14,paused,1,48,3.9
CUST1380,46,Male,India,2023-10-07,paused,1,20,4.2
CUST1381,66,Female,Germany,2023-07-22,active,3,45,4.0
CUST1382,60,Female,Pakistan,2021-01-13,cancelled,5,14,4.4
CUST1383,39,Female,UK,2023-05-26,active,2,18,4.2
CUST1384,31,Male,Pakistan,2022-05-18,active,5,41,3.8
CUST1385,26,Female,UK,2023-05-05,paused,4,18,4.3
CUST1386,34,Male,India,2022-10-27,cancelled,3,23,4.2
CUST1387,44,Male,UK,2022-01-18,active,5,22,3.9
CUST1388,61,Male,Germany,2021-12-31,cancelled,0,12,4.4
CUST1389,46,Female,UK,2020-12-16,active,1,33,4.0
CUST1390,64,Male,UK,2022-08-01,paused,4,34,4.0
CUST1391,60,Female,India,2021-07-30,active,0,29,3.8
CUST1392,66,Male,Canada,2022-08-03,paused,1,26,4.2
CUST1393,62,Female,India,2021-02-04,active,0,45,4.2
CUST1394,43,Female,USA,2022-05-14,active,3,38,4.4
CUST1395,60,Male,India,2022-09-29,active,1,45,4.2
CUST1396,52,Female,India,2021-01-25,active,0,43,4.0
CUST1397,55,Female,Canada,2021-01-23,paused,0,2,4.3
CUST1398,63,Other,Pakistan,2021-07-14,paused,0,15,4.1
CUST1399,43,Female,Pakistan,2022-03-10,cancelled,3,17,4.1
CUST1400,68,Female,Germany,2021-03-12,active,5,32,4.1
CUST1401,60,Male,Pakistan,2023-12-08,cancelled,0,25,4.1
CUST1402,27,Female,Germany,2021-12-05,cancelled,2,25,4.4
CUST1403,31,Male,India,2022-03-15,active,0,14,3.9
CUST1404,52,Female,India,2022-11-10,active,5,4,4.3
CUST1405,40,Male,India,2020-05-09,paused,0,33,4.0
CUST1406,66,Female,USA,2023-11-08,active,2,19,4.3
CUST1407,22,Female,UK,2022-11-03,cancelled,2,6,4.0
CUST1408,56,Male,USA,2023-06-03,active,0,44,3.6
CUST1409,61,Female,USA,2023-05-31,paused,5,7,4.1
CUST1410,61,Male,Germany,2021-10-23,active,5,1,4.2
CUST1411,64,Female,Germany,2022-03-19,active,0,23,4.1
CUST1412,65,Female,Pakistan,2020-11-09,active,3,18,4.1
CUST1413,58,Male,India,2023-03-23,active,1,29,4.0
CUST1414,33,Male,UK,2023-09-06,active,2,31,4.0
CUST1415,24,Female,Germany,2022-10-05,active,1,32,3.5
CUST1416,62,Male,Pakistan,2022-10-28,active,0,32,4.3
CUST1417,42,Male,India,2021-06-15,active,4,11,4.1
CUST1418,22,Female,UK,2023-07-04,active,3,4,4.1
CUST1419,65,Female,Canada,2022-06-03,paused,1,31,4.1
CUST1420,39,Other,Canada,2021-04-02,paused,4,35,4.1
CUST1421,37,Male,USA,2022-05-15,active,2,11,3.8
CUST1422,40,Female,Germany,2022-07-06,active,1,32,4.3
CUST1423,21,Male,Pakistan,2023-08-07,active,2,9,4.0
CUST1424,55,Female,Canada,2021-09-08,cancelled,5,39,4.2
CUST1425,26,Male,Canada,2023-06-27,active,1,49,4.1
CUST1426,27,Female,UK,2023-08-05,paused,4,40,4.1
CUST1427,35,Female,USA,2022-11-07,cancelled,3,3,4.1
CUST1428,19,Male,USA,2022-04-07,active,2,40,4.3
CUST1429,54,Female,Germany,2023-06-04,cancelled,5,19,3.9
CUST1430,57,Female,India,2021-01-16,cancelled,0,41,4.0
CUST1431,41,Female,UK,2022-08-24,active,5,23,4.5
CUST1432,25,Male,India,2022-12-21,cancelled,4,15,4.0
CUST1433,48,Female,Pakistan,2022-08-01,active,3,40,4.0
CUST1434,43,Male,Germany,2021-08-29,cancelled,0,5,4.1
CUST1435,54,Male,Germany,2021-07-26,paused,5,48,4.1
CUST1436,50,Male,Pakistan,2022-07-24,active,1,37,3.9
CUST1437,54,Female,Pakistan,2022-03-04,active,0,13,4.1
CUST1438,59,Other,Pakistan,2023-02-15,cancelled,3,11,4.1
CUST1439,32,Male,USA,2022-07-16,active,1,31,4.0
CUST1440,34,Female,USA,2022-05-15,active,5,36,4.3
CUST1441,67,Male,India,2022-02-13,active,1,18,4.0
CUST1442,67,Female,Pakistan,2020-10-30,active,2,10,4.1
CUST1443,39,Female,UK,2023-01-05,active,2,20,4.2
CUST1444,31,Male,India,2023-03-03,active,5,19,4.0
CUST1445,56,Male,UK,2022-09-30,active,0,49,4.1
CUST1446,39,Female,Pakistan,2023-01-08,cancelled,0,18,4.2
CUST1447,61,Female,Pakistan,2022-10-06,active,0,30,4.6
CUST1448,29,Female,Germany,2020-12-13,active,5,4,4.0
CUST1449,38,Male,UK,2021-04-30,paused,3,32,4.0
CUST1450,34,Male,Germany,2022-06-07,active,0,45,4.3
CUST1451,25,Male,Pakistan,2023-12-06,active,1,32,4.3
CUST1452,22,Male,India,2021-02-20,paused,4,48,4.2
CUST1453,44,Female,Germany,2022-04-10,paused,4,32,4.0
CUST1454,45,Female,Pakistan,2023-01-02,cancelled,2,40,4.2
CUST1455,65,Female,India,2022-11-21,active,4,32,4.0
CUST1456,64,Female,India,2023-02-27,active,2,44,4.1
CUST1457,52,Male,USA,2022-04-06,active,2,2,3.9
CUST1458,25,Female,Pakistan,2023-06-13,active,1,41,3.8
CUST1459,50,Female,Pakistan,2021-10-06,active,2,16,4.7
CUST1460,66,Female,India,2022-11-26,active,4,14,4.3
CUST1461,66,Female,India,2021-09-25,cancelled,5,40,4.2
CUST1462,24,Female,Canada,2020-11-24,active,0,10,4.1
CUST1463,46,Male,Canada,2021-03-14,paused,1,21,3.3
CUST1464,39,Male,India,2022-01-16,paused,5,10,4.4
CUST1465,26,Female,Pakistan,2021-10-13,active,3,41,4.0
CUST1466,36,Female,India,2023-11-03,cancelled,5,25,4.2
CUST1467,37,Female,India,2021-08-18,active,1,34,4.5
CUST1468,35,Female,Canada,2021-09-22,active,2,49,4.6
CUST1469,44,Male,Germany,2023-12-02,cancelled,2,19,4.2
CUST1470,51,Female,Germany,2022-11-26,active,0,36,4.0
CUST1471,35,Female,USA,2023-04-20,cancelled,0,4,3.7
CUST1472,51,Male,UK,2023-04-21,cancelled,0,29,4.1
CUST1473,56,Male,Pakistan,2023-05-20,active,2,38,4.1
CUST1474,37,Female,USA,2021-04-08,active,0,46,4.2
CUST1475,40,Female,Canada,2020-09-12,cancelled,1,7,4.2
CUST1476,40,Female,Pakistan,2022-05-20,cancelled,5,12,4.5
CUST1477,31,Female,Germany,2022-10-14,cancelled,1,34,3.8
CUST1478,23,Female,India,2020-11-29,active,3,27,4.0
CUST1479,32,Female,India,2022-10-16,cancelled,2,2,4.1
CUST1480,46,Other,Pakistan,2021-12-10,paused,4,7,3.8
CUST1481,65,Male,USA,2023-04-21,cancelled,0,2,4.1
CUST1482,19,Female,Pakistan,2021-07-26,active,3,10,3.8
CUST1483,21,Male,UK,2022-04-12,cancelled,2,47,4.2
CUST1484,23,Male,USA,2023-06-08,active,1,2,4.2
CUST1485,59,Female,Canada,2022-04-19,active,0,16,4.2
CUST1486,28,Male,Germany,2021-10-28,active,3,4,4.0
CUST1487,40,Male,India,2021-10-27,active,3,31,3.5
CUST1488,49,Female,Canada,2022-11-27,active,1,11,4.3
CUST1489,46,Female,Germany,2023-07-04,active,2,11,4.1
CUST1490,44,Female,Germany,2023-06-13,cancelled,1,31,3.9
CUST1491,50,Male,USA,2022-01-14,paused,3,25,3.9
CUST1492,49,Female,UK,2020-09-30,active,5,41,3.3
CUST1493,38,Female,Canada,2023-05-31,active,2,37,4.0
CUST1494,25,Male,Canada,2023-01-26,cancelled,0,30,4.0
CUST1495,62,Female,India,2021-07-09,active,3,42,4.0
CUST1496,33,Female,Canada,2022-09-19,active,5,20,3.9
CUST1497,20,Male,UK,2021-07-14,cancelled,0,47,4.3
CUST1498,29,Male,Canada,2021-06-15,active,1,7,4.1
CUST1499,45,Male,Pakistan,2022-04-13,active,3,33,4.1
CUST1500,49,Female,Canada,2021-02-05,paused,3,3,4.3
CUST1501,51,Other,Pakistan,2022-01-10,paused,3,34,4.1
CUST1502,66,Male,USA,2021-08-11,paused,4,32,4.1
CUST1503,58,Male,USA,2022-04-04,cancelled,1,32,4.3
CUST1504,31,Female,Pakistan,2023-06-04,active,0,42,4.4
CUST1505,35,Male,Canada,2023-07-22,active,4,7,4.2
CUST1506,48,Female,Pakistan,2020-10-26,active,2,27,3.3
CUST1507,34,Male,Pakistan,2021-03-30,cancelled,0,14,4.4
CUST1508,57,Female,India,2021-08-09,paused,3,38,4.3
CUST1509,42,Male,Germany,2023-06-17,active,3,32,4.1
CUST1510,60,Female,Germany,2022-10-25,cancelled,3,43,4.0
CUST1511,28,Female,Canada,2022-09-08,paused,1,32,4.1
CUST1512,34,Male,Canada,2021-11-07,paused,0,23,4.3
CUST1513,44,Male,Germany,2022-10-12,cancelled,4,26,3.8
CUST1514,57,Male,India,2021-03-20,active,1,33,3.9
CUST1515,54,Male,India,2022-05-25,active,5,8,3.7
CUST1516,51,Male,India,2021-04-03,cancelled,1,40,4.0
CUST1517,41,Male,USA,2023-12-03,cancelled,3,20,4.2
CUST1518,47,Male,UK,2021-07-16,active,5,15,4.4
CUST1519,26,Female,USA,2020-01-09,active,1,9,3.9
CUST1520,40,Female,Canada,2022-10-22,active,1,36,4.5
CUST1521,43,Male,India,2021-02-27,active,2,47,4.2
CUST1522,53,Male,USA,2022-06-30,paused,2,43,3.9
CUST1523,63,Male,Canada,2022-02-24,active,3,5,4.2
CUST1524,43,Female,USA,2021-04-03,active,5,29,4.1
CUST1525,66,Male,UK,2023-07-06,paused,5,18,4.1
CUST1526,54,Male,India,2021-12-17,paused,3,26,4.3
CUST1527,30,Male,India,2020-11-30,cancelled,4,39,4.1
CUST1528,24,Female,USA,2022-08-29,active,5,30,4.3
CUST1529,50,Male,UK,2021-03-30,active,3,7,3.6
CUST1530,26,Male,Canada,2022-03-25,active,1,19,4.1
CUST1531,44,Female,Canada,2022-09-05,active,5,32,4.0
CUST1532,40,Male,USA,2022-08-18,active,3,45,4.1
CUST1533,41,Male,India,2020-11-28,active,2,32,4.3
CUST1534,54,Male,UK,2023-01-21,active,4,2,3.9
CUST1535,29,Female,Pakistan,2023-01-22,cancelled,4,15,4.1
CUST1536,20,Female,Pakistan,2023-01-15,active,3,21,4.1
CUST1537,59,Female,India,2022-05-30,active,0,8,4.4
CUST1538,37,Male,Canada,2022-10-07,active,0,46,3.8
CUST1539,61,Female,Canada,2022-07-11,active,4,33,4.3
CUST1540,50,Female,Canada,2020-02-11,active,5,29,4.3
CUST1541,67,Male,Pakistan,2022-12-24,paused,0,49,3.5
CUST1542,39,Female,UK,2022-07-18,cancelled,4,9,4.0
CUST1543,64,Male,Pakistan,2021-12-13,paused,5,38,3.9
CUST1544,59,Female,UK,2022-08-09,active,2,3,4.3
CUST1545,40,Female,USA,2023-02-24,active,2,17,2.8
CUST1546,36,Male,UK,2021-04-07,active,2,22,3.8
CUST1547,49,Female,Germany,2023-05-21,active,2,12,4.5
CUST1548,35,Female,UK,2020-11-28,paused,4,6,4.3
CUST1549,56,Male,UK,2021-03-05,active,1,20,4.1
CUST1550,57,Male,Canada,2022-02-10,active,5,44,3.0
CUST1551,63,Female,UK,2021-11-07,active,0,9,4.0
CUST1552,29,Female,India,2022-06-05,active,2,35,3.9
CUST1553,40,Female,USA,2021-08-30,active,2,5,4.1
CUST1554,54,Female,Germany,2022-04-13,paused,0,22,4.1
CUST1555,52,Male,India,2021-12-28,active,3,6,4.3
CUST1556,35,Female,India,2020-10-20,active,5,35,4.0
CUST1557,67,Male,USA,2022-09-11,active,4,42,4.4
CUST1558,27,Female,UK,2021-08-12,paused,5,43,4.3
CUST1559,38,Female,Germany,2021-05-20,active,4,41,4.2
CUST1560,41,Female,UK,2023-11-05,cancelled,3,22,3.8
CUST1561,33,Male,India,2021-12-03,active,3,30,4.3
CUST1562,45,Female,USA,2022-09-11,active,3,7,4.3
CUST1563,28,Male,Germany,2021-12-22,cancelled,4,19,4.3
CUST1564,27,Male,Germany,2021-09-06,active,5,2,4.0
CUST1565,33,Male,Pakistan,2022-05-13,paused,0,5,3.9
CUST1566,28,Male,India,2021-02-23,active,4,5,4.1
CUST1567,58,Female,UK,2020-12-09,paused,1,49,3.7
CUST1568,34,Female,Pakistan,2023-04-20,active,2,36,4.2
CUST1569,52,Female,Canada,2020-11-24,active,4,33,4.1
CUST1570,51,Male,USA,2020-10-19,active,0,21,4.0
CUST1571,38,Male,Pakistan,2023-02-19,active,5,29,4.6
CUST1572,46,Female,UK,2023-05-20,active,0,49,3.9
CUST1573,35,Female,USA,2021-12-03,active,4,14,4.0
CUST1574,34,Male,Pakistan,2021-12-15,active,4,5,4.3
CUST1575,62,Other,Germany,2021-07-24,active,4,18,4.4
CUST1576,56,Female,USA,2021-07-31,active,4,46,4.1
CUST1577,43,Female,UK,2021-04-03,active,5,3,4.1
CUST1578,43,Male,USA,2023-07-01,active,4,18,4.1
CUST1579,30,Other,Germany,2022-12-21,active,0,12,4.4
CUST1580,46,Male,Germany,2020-02-11,active,4,17,4.5
CUST1581,65,Male,UK,2022-05-23,active,1,48,4.1
CUST1582,23,Male,UK,2020-12-20,active,0,10,4.2
CUST1583,56,Female,Canada,2021-09-23,cancelled,5,12,4.5
CUST1584,62,Female,USA,2022-01-06,active,5,17,4.1
CUST1585,31,Female,Pakistan,2022-04-22,cancelled,2,22,3.9
CUST1586,67,Female,Germany,2023-06-29,active,4,32,4.3
CUST1587,69,Female,Canada,2022-06-13,active,5,28,3.8
CUST1588,65,Male,USA,2021-03-14,paused,4,19,4.3
CUST1589,51,Male,Germany,2021-07-06,paused,4,14,4.4
CUST1590,43,Male,USA,2020-01-10,active,0,44,3.8
CUST1591,56,Female,Canada,2022-09-29,cancelled,5,21,3.8
CUST1592,30,Female,USA,2022-08-11,active,0,36,3.5
CUST1593,35,Female,India,2023-05-07,active,5,35,4.4
CUST1594,20,Female,Germany,2022-04-23,active,1,2,4.1
CUST1595,59,Other,Pakistan,2022-01-18,paused,4,47,4.1
CUST1596,53,Female,Pakistan,2023-02-01,cancelled,0,41,4.3
CUST1597,66,Male,Canada,2021-01-26,active,1,8,3.5
CUST1598,31,Female,Pakistan,2021-07-01,cancelled,5,9,4.1
CUST1599,59,Female,Germany,2022-09-08,active,0,47,4.1
CUST1600,18,Other,Germany,2023-04-07,active,5,40,3.9
CUST1601,57,Male,USA,2022-07-24,active,4,9,3.9
CUST1602,61,Female,Germany,2022-07-02,paused,0,11,4.1
CUST1603,58,Female,UK,2022-12-30,active,1,47,4.0
CUST1604,22,Female,Germany,2022-04-28,active,2,17,4.2
CUST1605,53,Female,Germany,2023-05-06,active,3,31,4.3
CUST1606,42,Male,Pakistan,2022-11-01,active,1,16,4.1
CUST1607,57,Male,UK,2022-06-02,cancelled,0,40,4.0
CUST1608,56,Female,UK,2023-06-26,active,2,4,4.2
CUST1609,51,Female,Pakistan,2022-08-18,paused,4,1,3.9
CUST1610,51,Male,Pakistan,2020-09-17,active,2,28,4.3
CUST1611,20,Female,USA,2021-08-17,active,3,32,4.2
CUST1612,26,Male,Germany,2022-01-17,active,4,18,4.5
CUST1613,65,Male,India,2022-11-07,cancelled,1,13,4.0
CUST1614,53,Male,USA,2021-04-23,cancelled,5,40,4.2
CUST1615,61,Male,Pakistan,2022-10-14,cancelled,4,25,4.5
CUST1616,26,Male,Germany,2022-12-27,active,1,11,4.3
CUST1617,36,Male,USA,2022-08-09,active,1,28,3.9
CUST1618,56,Male,USA,2021-04-08,cancelled,2,24,4.1
CUST1619,57,Male,Pakistan,2021-06-16,active,2,33,4.3
CUST1620,21,Female,UK,2022-03-29,active,4,37,4.2
CUST1621,34,Female,India,2023-07-07,active,5,13,4.2
CUST1622,23,Female,India,2022-01-25,cancelled,5,19,4.0
CUST1623,66,Male,USA,2022-06-03,cancelled,2,14,3.9
CUST1624,50,Male,USA,2021-07-01,cancelled,1,49,4.1
CUST1625,64,Female,UK,2020-10-17,active,2,35,4.5
CUST1626,36,Female,India,2021-12-21,cancelled,3,28,3.7
CUST1627,62,Female,Pakistan,2021-08-23,paused,1,28,3.5
CUST1628,46,Female,Germany,2021-09-22,cancelled,5,30,4.2
CUST1629,43,Female,India,2022-08-01,cancelled,0,10,3.5
CUST1630,67,Male,Germany,2021-03-02,paused,1,46,4.3
CUST1631,57,Female,Canada,2022-07-01,active,5,6,3.9
CUST1632,46,Male,Pakistan,2021-01-11,active,1,42,4.2
CUST1633,65,Male,Canada,2023-12-08,paused,0,37,4.3
CUST1634,39,Male,Canada,2021-11-13,active,5,18,4.2
CUST1635,57,Female,India,2021-06-16,active,0,40,4.0
CUST1636,55,Female,Germany,2022-02-01,active,0,25,4.1
CUST1637,37,Male,UK,2021-06-19,active,0,39,4.5
CUST1638,58,Female,UK,2021-07-27,paused,3,1,4.2
CUST1639,40,Female,Pakistan,2021-01-23,active,3,6,4.1
CUST1640,69,Female,India,2021-01-21,cancelled,5,33,3.9
CUST1641,41,Male,Germany,2021-04-07,paused,4,49,4.3
CUST1642,64,Male,Pakistan,2022-11-09,active,0,38,3.9
CUST1643,46,Male,UK,2022-08-31,active,0,10,4.0
CUST1644,21,Female,Germany,2021-05-07,active,0,28,4.0
CUST1645,32,Female,Pakistan,2021-11-29,active,2,46,3.5
CUST1646,19,Male,Pakistan,2022-04-09,active,4,13,4.3
CUST1647,52,Female,UK,2021-06-24,paused,3,16,3.8
CUST1648,24,Male,USA,2021-10-08,paused,0,25,4.4
CUST1649,66,Female,USA,2020-12-27,cancelled,2,19,3.7
CUST1650,43,Female,USA,2021-06-26,active,4,37,4.4
CUST1651,25,Male,UK,2022-04-15,active,5,49,4.4
CUST1652,59,Male,USA,2023-02-24,active,1,28,4.4
CUST1653,47,Male,UK,2021-08-28,active,4,20,4.2
CUST1654,46,Female,Canada,2023-01-27,active,4,21,4.5
CUST1655,56,Male,Canada,2023-12-07,cancelled,3,16,3.8
CUST1656,36,Female,Pakistan,2020-10-29,active,1,34,3.8
CUST1657,31,Female,Canada,2023-09-01,active,0,47,4.1
CUST1658,39,Female,India,2023-03-24,active,0,22,4.1
CUST1659,56,Female,Canada,2020-09-29,active,4,34,4.4
CUST1660,60,Male,Pakistan,2023-08-01,active,2,18,3.8
CUST1661,32,Female,UK,2021-05-27,active,3,41,4.2
CUST1662,57,Female,UK,2020-10-17,paused,4,39,4.1
CUST1663,40,Female,Canada,2020-08-23,active,1,10,4.4
CUST1664,21,Female,India,2023-10-04,paused,2,8,4.1
CUST1665,42,Female,Germany,2022-06-04,active,1,49,4.1
CUST1666,20,Male,Germany,2023-12-06,cancelled,0,49,3.5
CUST1667,32,Male,Canada,2023-06-01,active,0,29,3.6
CUST1668,32,Female,UK,2022-04-18,cancelled,2,7,4.3
CUST1669,50,Male,Germany,2020-12-15,cancelled,4,10,3.8
CUST1670,30,Male,UK,2022-09-23,active,3,14,4.0
CUST1671,53,Female,Pakistan,2022-06-12,cancelled,4,39,3.9
CUST1672,56,Female,Pakistan,2022-08-19,cancelled,1,21,4.1
CUST1673,48,Female,Pakistan,2021-03-12,paused,2,30,4.3
CUST1674,25,Male,USA,2023-02-21,active,5,10,4.4
CUST1675,42,Male,USA,2022-04-10,paused,4,31,4.3
CUST1676,28,Female,India,2022-05-10,cancelled,0,1,4.3
CUST1677,20,Male,USA,2023-07-23,cancelled,2,19,4.1
CUST1678,52,Female,Canada,2023-02-06,paused,2,10,4.4
CUST1679,66,Female,Pakistan,2021-06-26,active,2,6,4.4
CUST1680,57,Male,Canada,2023-05-23,active,2,24,3.8
CUST1681,40,Male,India,2022-06-28,active,3,13,3.8
CUST1682,39,Female,India,2021-03-03,active,5,48,4.0
CUST1683,63,Male,India,2020-11-10,active,4,15,4.4
CUST1684,40,Male,India,2022-04-13,active,1,24,4.4
CUST1685,64,Female,USA,2022-09-03,active,3,1,4.5
CUST1686,39,Female,Pakistan,2021-06-01,paused,1,15,4.0
CUST1687,48,Male,Canada,2022-03-15,active,0,14,4.0
CUST1688,34,Male,USA,2020-10-24,active,4,33,4.3
CUST1689,42,Male,USA,2021-05-07,cancelled,3,24,4.2
CUST1690,43,Male,UK,2023-05-18,paused,4,44,3.8
CUST1691,24,Female,USA,2021-04-16,active,1,11,4.3
CUST1692,35,Male,USA,2021-05-25,active,0,19,4.1
CUST1693,51,Female,India,2022-10-02,active,4,38,4.3
CUST1694,65,Male,Canada,2021-05-13,cancelled,4,30,4.0
CUST1695,39,Female,Pakistan,2023-02-16,cancelled,4,22,4.3
CUST1696,65,Male,Canada,2021-09-29,cancelled,5,11,4.2
CUST1697,47,Female,UK,2020-04-09,active,4,14,4.0
CUST1698,31,Male,UK,2021-12-26,active,4,3,4.4
CUST1699,18,Male,Canada,2021-09-25,paused,4,4,4.4
CUST1700,55,Male,Canada,2022-05-01,paused,4,15,4.5
CUST1701,29,Female,Canada,2023-01-29,paused,5,21,4.2
CUST1702,69,Female,Pakistan,2023-07-20,active,5,24,4.1
CUST1703,65,Female,Canada,2021-11-20,active,5,32,4.5
CUST1704,56,Female,UK,2023-01-07,paused,3,5,4.2
CUST1705,31,Female,USA,2023-03-23,active,2,15,4.3
CUST1706,40,Female,UK,2023-02-05,active,1,34,3.9
CUST1707,44,Female,USA,2022-06-05,cancelled,1,46,4.5
CUST1708,47,Female,Canada,2023-01-25,active,1,26,4.1
CUST1709,51,Male,Germany,2021-08-01,cancelled,3,36,4.2
CUST1710,22,Female,UK,2022-02-16,active,5,45,3.8
CUST1711,19,Male,Canada,2023-08-16,active,4,47,4.3
CUST1712,67,Female,Germany,2022-01-29,active,2,16,3.9
CUST1713,33,Male,Canada,2022-12-08,cancelled,1,32,4.3
CUST1714,67,Male,Canada,2021-05-13,cancelled,1,41,4.3
CUST1715,67,Male,UK,2023-08-14,active,5,46,3.9
CUST1716,59,Male,USA,2022-05-04,active,2,12,3.7
CUST1717,68,Female,Pakistan,2021-02-09,paused,1,38,4.2
CUST1718,46,Male,UK,2020-10-26,active,4,12,4.3
CUST1719,34,Female,UK,2022-12-25,cancelled,3,45,4.2
CUST1720,36,Female,USA,2021-07-02,paused,3,49,3.9
CUST1721,18,Female,UK,2021-07-22,active,1,29,4.3
CUST1722,19,Female,UK,2021-01-17,active,3,4,3.7
CUST1723,28,Female,Pakistan,2022-09-16,active,1,15,4.3
CUST1724,49,Male,UK,2023-07-02,active,1,16,4.3
CUST1725,39,Female,India,2022-07-19,cancelled,5,43,3.9
CUST1726,18,Male,Canada,2023-04-01,active,1,41,4.4
CUST1727,53,Female,Pakistan,2021-02-04,active,0,17,4.0
CUST1728,65,Female,Germany,2023-11-03,active,3,22,4.5
CUST1729,62,Male,India,2021-09-28,paused,0,46,3.9
CUST1730,51,Male,Germany,2021-12-03,active,0,30,4.3
CUST1731,63,Female,Germany,2023-02-04,active,1,8,4.2
CUST1732,27,Male,Pakistan,2023-03-31,active,5,42,4.1
CUST1733,50,Female,Pakistan,2021-06-19,active,0,21,4.2
CUST1734,51,Male,UK,2021-12-24,active,3,33,4.5
CUST1735,67,Female,Canada,2021-06-30,active,2,33,4.2
CUST1736,41,Female,India,2020-09-27,cancelled,1,24,4.2
CUST1737,19,Female,Pakistan,2021-09-11,active,2,5,4.3
CUST1738,68,Male,Canada,2021-04-14,active,2,4,4.0
CUST1739,24,Female,UK,2022-03-16,active,1,29,4.5
CUST1740,67,Male,Germany,2022-06-11,active,1,22,3.8
CUST1741,45,Male,Canada,2021-02-16,cancelled,4,22,3.9
CUST1742,52,Male,UK,2022-07-13,active,1,5,4.0
CUST1743,52,Other,India,2021-09-14,active,1,1,4.1
CUST1744,60,Female,UK,2021-10-15,active,5,12,3.4
CUST1745,49,Male,Pakistan,2021-11-25,active,5,3,4.0
CUST1746,59,Female,Canada,2021-04-21,active,1,23,3.4
CUST1747,45,Female,UK,2021-06-13,active,0,23,4.3
CUST1748,37,Female,India,2022-10-04,active,2,31,3.9
CUST1749,38,Female,India,2020-03-12,active,4,6,4.1
CUST1750,44,Female,USA,2023-09-06,cancelled,3,34,4.3
CUST1751,26,Female,UK,2022-11-05,paused,2,1,4.5
CUST1752,38,Male,Pakistan,2023-05-15,cancelled,2,26,4.2
CUST1753,24,Male,USA,2023-07-14,active,5,8,4.1
CUST1754,33,Male,India,2021-10-20,active,2,19,4.4
CUST1755,58,Female,Canada,2021-03-30,active,5,15,4.3
CUST1756,64,Other,USA,2021-05-04,cancelled,0,46,4.3
CUST1757,53,Male,Germany,2022-09-17,active,3,43,4.3
CUST1758,35,Male,UK,2020-10-11,active,3,17,4.2
CUST1759,45,Female,India,2021-06-27,active,3,8,4.1
CUST1760,41,Male,Germany,2021-12-07,paused,3,24,4.1
CUST1761,46,Female,USA,2021-05-15,cancelled,2,30,4.5
CUST1762,33,Male,Pakistan,2021-08-20,active,5,12,4.4
CUST1763,38,Female,UK,2022-05-20,active,2,5,4.3
CUST1764,29,Female,India,2023-10-04,cancelled,0,21,4.3
CUST1765,38,Female,UK,2020-05-10,paused,4,36,4.3
CUST1766,38,Male,UK,2023-04-03,cancelled,4,5,4.0
CUST1767,67,Female,UK,2023-04-13,active,2,19,4.3
CUST1768,38,Male,India,2023-08-05,cancelled,0,48,4.0
CUST1769,46,Male,Canada,2021-05-12,active,1,24,4.4
CUST1770,27,Female,USA,2021-09-22,active,4,41,4.0
CUST1771,23,Male,Germany,2021-01-30,active,0,26,4.3
CUST1772,67,Male,USA,2023-05-15,active,1,19,3.3
CUST1773,30,Female,UK,2022-03-31,active,2,11,3.7
CUST1774,50,Other,USA,2021-03-14,active,4,35,4.1
CUST1775,47,Male,India,2020-12-27,active,2,10,5.0
CUST1776,46,Female,Pakistan,2022-07-07,cancelled,2,22,4.5
CUST1777,34,Female,USA,2023-03-18,active,0,14,3.9
CUST1778,45,Female,Pakistan,2020-11-11,cancelled,4,12,4.4
CUST1779,48,Male,UK,2022-07-22,paused,0,4,4.1
CUST1780,22,Female,India,2021-12-26,active,4,17,3.6
CUST1781,25,Female,USA,2022-11-02,active,1,25,3.8
CUST1782,57,Female,India,2023-06-07,active,2,27,3.6
CUST1783,47,Male,Pakistan,2022-07-24,active,1,45,4.2
CUST1784,50,Female,UK,2023-09-03,paused,5,8,4.4
CUST1785,43,Male,India,2023-11-04,active,1,17,3.8
CUST1786,31,Male,Germany,2021-08-16,active,5,27,4.2
CUST1787,47,Female,Canada,2022-05-19,cancelled,3,33,4.3
CUST1788,24,Female,Canada,2021-01-20,active,2,3,4.4
CUST1789,21,Female,Canada,2022-08-15,cancelled,4,34,4.1
CUST1790,61,Female,Pakistan,2021-02-08,paused,4,38,4.4
CUST1791,30,Male,Pakistan,2021-03-29,active,2,5,4.4
CUST1792,40,Female,India,2023-03-16,active,0,24,4.4
CUST1793,50,Female,India,2021-09-21,cancelled,2,1,4.4
CUST1794,67,Male,India,2020-10-15,cancelled,2,19,4.3
CUST1795,46,Female,UK,2023-04-03,active,2,41,4.3
CUST1796,20,Male,Canada,2022-01-22,active,1,39,4.3
CUST1797,54,Female,India,2021-02-15,active,0,38,4.2
CUST1798,42,Female,UK,2021-08-02,cancelled,1,38,4.3
CUST1799,49,Male,Germany,2022-07-26,active,3,36,4.2
CUST1800,46,Female,UK,2022-04-30,active,2,30,3.8
CUST1801,24,Female,UK,2021-04-20,active,2,45,4.3
CUST1802,19,Male,UK,2022-11-15,active,1,38,4.5
CUST1803,65,Male,Canada,2021-03-04,cancelled,1,25,4.1
CUST1804,19,Male,USA,2021-11-20,active,3,18,4.2
CUST1805,42,Female,Germany,2023-12-01,cancelled,2,3,4.0
CUST1806,30,Male,Pakistan,2022-09-15,active,1,8,4.1
CUST1807,54,Female,India,2023-04-24,paused,5,15,4.1
CUST1808,68,Male,Germany,2021-06-18,active,0,37,4.3
CUST1809,39,Male,India,2021-08-07,cancelled,5,38,4.5
CUST1810,39,Male,UK,2021-09-24,active,5,38,4.5
CUST1811,19,Male,USA,2022-11-18,active,1,29,4.1
CUST1812,31,Male,India,2021-09-06,paused,3,15,4.3
CUST1813,36,Female,Germany,2023-06-02,active,0,23,3.6
CUST1814,48,Female,USA,2020-09-13,active,4,11,4.4
CUST1815,32,Male,India,2022-04-20,active,1,13,4.5
CUST1816,66,Male,UK,2022-04-12,active,1,33,3.9
CUST1817,46,Female,Germany,2022-11-06,paused,4,27,4.0
CUST1818,47,Male,Germany,2021-03-26,paused,1,5,4.0
CUST1819,65,Female,Canada,2023-05-20,active,0,49,4.4
CUST1820,36,Female,USA,2021-02-22,cancelled,3,38,4.6
CUST1821,54,Male,Canada,2021-05-10,active,2,8,4.4
CUST1822,67,Male,USA,2022-12-17,active,0,49,4.4
CUST1823,65,Female,Canada,2021-04-11,active,5,7,4.3
CUST1824,36,Female,Germany,2022-03-10,cancelled,3,12,4.3
CUST1825,59,Other,Germany,2022-11-17,cancelled,0,33,4.4
CUST1826,63,Female,UK,2022-05-08,paused,5,33,4.0
CUST1827,29,Female,Germany,2022-05-26,cancelled,0,22,4.2
CUST1828,46,Male,UK,2021-08-08,paused,4,4,3.8
CUST1829,61,Male,Pakistan,2020-04-11,active,4,24,4.1
CUST1830,21,Female,USA,2021-09-12,paused,1,47,4.2
CUST1831,67,Female,Germany,2022-04-21,active,0,1,4.2
CUST1832,60,Female,Canada,2022-01-26,cancelled,0,10,4.4
CUST1833,26,Male,India,2022-04-18,active,5,26,4.3
CUST1834,47,Male,Pakistan,2020-07-10,paused,1,18,4.1
CUST1835,67,Female,UK,2022-09-15,active,5,4,4.4
CUST1836,57,Other,India,2022-03-29,cancelled,0,36,3.9
CUST1837,61,Other,Canada,2021-03-10,paused,3,7,3.9
CUST1838,49,Male,India,2021-01-05,cancelled,0,38,3.6
CUST1839,36,Female,Pakistan,2021-08-30,cancelled,5,6,4.4
CUST1840,27,Female,Germany,2021-04-20,active,3,36,4.0
CUST1841,42,Male,Germany,2023-01-17,cancelled,5,40,3.5
CUST1842,32,Female,India,2021-09-28,paused,1,39,4.1
CUST1843,62,Female,Canada,2020-08-31,active,0,38,4.1
CUST1844,29,Other,UK,2023-06-06,cancelled,2,34,4.0
CUST1845,60,Female,Canada,2023-01-18,cancelled,2,45,4.1
CUST1846,53,Female,India,2023-01-18,cancelled,3,5,4.0
CUST1847,28,Male,Germany,2021-07-24,active,1,1,3.8
CUST1848,69,Female,Germany,2021-12-26,cancelled,4,35,4.3
CUST1849,23,Male,Germany,2021-01-04,active,0,41,4.2
CUST1850,55,Male,Germany,2021-03-26,active,1,15,4.1
CUST1851,38,Female,Germany,2023-04-21,cancelled,2,31,4.2
CUST1852,21,Male,India,2021-02-06,paused,4,29,4.5
CUST1853,57,Male,USA,2021-04-12,active,0,47,4.6
CUST1854,42,Female,Canada,2022-01-30,active,4,40,4.3
CUST1855,49,Female,USA,2023-03-06,active,0,28,4.0
CUST1856,57,Female,Germany,2023-12-06,active,3,37,4.2
CUST1857,66,Female,USA,2023-03-30,active,3,36,3.3
CUST1858,59,Male,USA,2023-08-05,active,3,20,4.3
CUST1859,19,Male,India,2021-08-17,active,3,34,3.7
CUST1860,35,Female,Germany,2022-03-02,paused,1,46,3.9
CUST1861,30,Female,Canada,2021-03-05,active,4,5,4.3
CUST1862,65,Female,Germany,2021-02-05,cancelled,3,43,4.1
CUST1863,31,Male,USA,2023-08-19,active,4,49,4.2
CUST1864,62,Male,Pakistan,2022-06-16,active,0,4,4.5
CUST1865,61,Male,Germany,2021-04-08,active,1,11,4.0
CUST1866,47,Female,Pakistan,2020-02-10,cancelled,4,30,4.5
CUST1867,48,Female,USA,2021-06-17,cancelled,4,45,3.5
CUST1868,53,Female,USA,2022-10-19,active,4,1,4.5
CUST1869,55,Female,Germany,2022-09-20,active,3,4,4.3
CUST1870,68,Female,Pakistan,2021-08-28,active,5,7,3.3
CUST1871,67,Female,Pakistan,2021-01-24,cancelled,3,40,4.1
CUST1872,18,Male,Canada,2021-11-30,paused,0,22,3.8
CUST1873,32,Male,Germany,2020-08-30,active,1,43,3.5
CUST1874,46,Male,Germany,2020-09-18,active,2,46,4.1
CUST1875,62,Female,India,2021-04-22,active,1,2,4.5
CUST1876,23,Female,Germany,2022-07-04,cancelled,5,49,4.4
CUST1877,20,Female,India,2021-06-19,paused,5,32,4.1
CUST1878,66,Male,Germany,2022-04-29,paused,2,38,4.3
CUST1879,57,Female,Canada,2020-12-27,cancelled,1,2,3.6
CUST1880,69,Other,USA,2022-11-14,active,2,14,4.0
CUST1881,18,Male,USA,2022-08-07,active,3,19,4.1
CUST1882,33,Male,Germany,2021-01-28,active,4,10,4.5
CUST1883,24,Female,UK,2020-12-31,paused,3,35,4.2
CUST1884,45,Female,Germany,2023-01-30,cancelled,2,39,4.3
CUST1885,57,Female,India,2021-09-18,active,1,35,4.2
CUST1886,61,Female,Pakistan,2023-06-16,active,5,19,4.6
CUST1887,46,Female,Germany,2021-01-06,cancelled,5,34,4.5
CUST1888,61,Male,India,2021-10-04,active,0,36,4.3
CUST1889,51,Male,UK,2022-11-16,active,4,1,4.1
CUST1890,48,Female,USA,2021-02-11,active,0,21,4.5
CUST1891,50,Female,Germany,2022-05-14,active,0,5,3.5
CUST1892,55,Female,UK,2021-02-16,paused,1,24,4.4
CUST1893,35,Female,India,2021-11-12,cancelled,0,32,4.2
CUST1894,21,Other,Pakistan,2021-05-15,paused,0,22,4.4
CUST1895,51,Female,Germany,2022-09-13,active,2,31,4.4
CUST1896,50,Other,Pakistan,2022-03-12,active,5,42,4.2
CUST1897,44,Female,Pakistan,2021-10-03,active,5,17,4.5
CUST1898,39,Male,India,2020-08-28,paused,3,32,4.3
CUST1899,50,Male,USA,2020-11-27,cancelled,1,43,3.8
CUST1900,32,Male,USA,2023-11-03,active,2,9,3.9
CUST1901,64,Male,Germany,2020-09-12,active,1,44,4.0
CUST1902,32,Male,UK,2023-02-03,active,5,2,4.1
CUST1903,20,Female,India,2022-05-14,active,1,31,4.4
CUST1904,44,Female,USA,2022-12-27,active,2,4,4.4
CUST1905,40,Female,USA,2020-07-09,active,4,46,4.4
CUST1906,24,Male,Germany,2021-06-29,active,4,31,3.5
CUST1907,21,Female,UK,2021-11-13,active,1,9,4.5
CUST1908,54,Male,Germany,2021-03-07,active,3,42,4.1
CUST1909,23,Male,USA,2022-06-18,active,5,29,4.4
CUST1910,64,Female,UK,2021-08-12,paused,3,26,4.1
CUST1911,62,Female,Canada,2020-12-26,active,3,34,4.2
CUST1912,23,Female,USA,2023-04-04,cancelled,1,43,4.2
CUST1913,28,Male,India,2023-08-07,cancelled,3,11,4.3
CUST1914,63,Female,Germany,2021-02-22,cancelled,5,8,4.3
CUST1915,38,Female,USA,2022-07-02,cancelled,0,26,3.7
CUST1916,51,Female,USA,2022-11-07,cancelled,5,37,3.9
CUST1917,67,Male,Canada,2022-06-26,active,5,24,4.5
CUST1918,51,Female,Pakistan,2022-11-11,active,0,43,4.1
CUST1919,31,Female,Pakistan,2020-09-28,active,5,40,4.0
CUST1920,48,Male,Pakistan,2022-10-05,cancelled,2,49,3.8
CUST1921,36,Male,India,2022-11-29,active,5,22,3.4
CUST1922,68,Female,Canada,2020-01-12,cancelled,2,17,4.3
CUST1923,44,Male,USA,2021-05-04,active,4,22,4.3
CUST1924,66,Female,UK,2021-05-27,active,1,37,4.3
CUST1925,33,Female,India,2023-01-18,paused,0,39,4.2
CUST1926,44,Other,UK,2021-08-04,active,4,30,4.1
CUST1927,54,Female,Germany,2020-09-28,paused,3,16,4.0
CUST1928,19,Male,India,2020-10-31,paused,1,8,4.3
CUST1929,21,Other,UK,2021-10-15,active,0,38,4.0
CUST1930,42,Female,Pakistan,2023-04-22,active,3,37,4.1
CUST1931,31,Female,USA,2021-06-18,active,1,43,4.0
CUST1932,25,Male,UK,2020-07-09,active,5,32,3.8
CUST1933,21,Male,Canada,2021-08-09,active,0,45,4.2
CUST1934,30,Female,USA,2022-05-03,active,0,21,4.3
CUST1935,43,Female,Canada,2022-10-23,paused,3,40,4.4
CUST1936,40,Male,UK,2022-01-24,active,5,27,4.1
CUST1937,52,Male,Germany,2021-04-15,cancelled,0,47,4.5
CUST1938,69,Female,Canada,2020-05-12,active,1,47,4.0
CUST1939,45,Male,Pakistan,2022-03-18,cancelled,3,25,4.2
CUST1940,26,Male,Pakistan,2021-08-07,paused,0,7,3.9
CUST1941,27,Male,USA,2022-06-11,active,3,2,4.3
CUST1942,56,Female,UK,2022-06-05,active,1,35,4.0
CUST1943,38,Female,Germany,2023-03-13,active,0,47,4.2
CUST1944,33,Male,India,2021-02-21,cancelled,5,14,4.3
CUST1945,19,Male,Canada,2022-05-04,paused,0,17,4.2
CUST1946,44,Female,Germany,2023-07-18,paused,1,23,4.2
CUST1947,69,Male,USA,2022-05-31,active,5,37,4.1
CUST1948,39,Male,USA,2020-11-12,active,5,22,4.3
CUST1949,67,Female,India,2021-10-20,paused,0,12,4.3
CUST1950,22,Male,Germany,2023-09-04,active,2,48,4.2
CUST1951,57,Female,Canada,2022-09-09,active,5,48,4.5
CUST1952,18,Male,Pakistan,2022-08-27,active,5,9,4.4
CUST1953,30,Female,Canada,2021-04-13,active,1,48,4.2
CUST1954,64,Male,Pakistan,2023-06-15,cancelled,4,42,4.1
CUST1955,45,Female,USA,2023-11-04,active,1,21,4.3
CUST1956,58,Male,Pakistan,2021-11-28,active,3,37,4.4
CUST1957,21,Male,Pakistan,2021-12-10,cancelled,5,28,4.1
CUST1958,22,Female,Pakistan,2022-01-27,cancelled,3,9,3.6
CUST1959,36,Female,Germany,2021-02-08,active,3,5,4.0
CUST1960,24,Male,India,2020-03-10,cancelled,4,34,4.0
CUST1961,65,Female,Canada,2022-01-21,active,1,38,4.4
CUST1962,56,Male,USA,2021-10-31,active,0,12,3.9
CUST1963,21,Male,India,2022-09-26,cancelled,1,7,4.3
CUST1964,39,Female,Canada,2022-11-14,active,3,5,4.6
CUST1965,39,Female,Pakistan,2021-04-11,cancelled,3,11,4.4
CUST1966,29,Male,USA,2021-05-13,paused,2,44,4.5
CUST1967,32,Male,Germany,2021-07-31,cancelled,2,31,3.9
CUST1968,54,Female,Pakistan,2021-10-03,active,1,29,4.1
CUST1969,36,Male,India,2023-06-20,cancelled,1,22,4.3
CUST1970,47,Male,Germany,2022-03-17,active,4,47,4.5
CUST1971,29,Female,India,2022-04-18,active,5,36,4.5
CUST1972,62,Female,India,2023-05-01,cancelled,2,37,3.6
CUST1973,61,Female,Pakistan,2021-09-25,active,3,28,4.1
CUST1974,63,Male,Canada,2022-02-03,active,5,14,4.3
CUST1975,53,Female,India,2022-06-05,active,2,14,3.8
CUST1976,43,Female,USA,2023-12-06,active,0,9,4.6
CUST1977,63,Male,Canada,2021-05-26,active,5,8,4.1
CUST1978,61,Male,Pakistan,2022-12-14,active,0,20,4.0
CUST1979,29,Female,Canada,2022-03-07,paused,1,6,4.5
CUST1980,64,Female,Pakistan,2022-04-18,paused,3,39,4.3
CUST1981,46,Male,UK,2023-06-27,cancelled,3,41,4.0
CUST1982,67,Male,Pakistan,2020-09-28,cancelled,1,46,4.5
CUST1983,37,Male,UK,2022-10-04,active,0,30,4.0
CUST1984,25,Male,India,2021-03-14,active,1,7,4.5
CUST1985,22,Male,Pakistan,2023-06-02,paused,3,28,4.1
CUST1986,54,Male,Germany,2021-01-04,active,3,29,4.3
CUST1987,18,Female,UK,2023-02-19,active,4,17,4.1
CUST1988,44,Male,Germany,2023-08-01,active,4,3,4.0
CUST1989,62,Female,India,2022-12-25,active,0,2,4.1
CUST1990,42,Female,UK,2022-02-24,active,1,11,4.1
CUST1991,53,Female,Pakistan,2021-11-02,paused,1,8,4.4
CUST1992,26,Other,Pakistan,2022-02-13,cancelled,1,33,4.0
CUST1993,40,Female,UK,2022-12-20,active,2,3,4.1
CUST1994,49,Female,Pakistan,2020-09-12,active,5,19,4.4
CUST1995,32,Female,Pakistan,2020-09-13,active,5,21,4.3
CUST1996,39,Male,Canada,2021-11-20,active,1,27,4.2
CUST1997,53,Female,UK,2022-10-13,active,2,24,3.6
CUST1998,68,Female,Canada,2023-05-02,active,1,32,4.2
CUST1999,63,Male,Germany,2022-03-11,cancelled,4,40,4.2
CUST2000,40,Male,USA,2023-03-30,paused,2,48,3.9
CUST2001,50,Male,Canada,2023-01-06,active,5,22,4.2
CUST2002,55,Male,Germany,2021-01-09,cancelled,5,37,4.5
CUST2003,66,Female,UK,2021-04-19,active,0,48,4.3
CUST2004,55,Male,UK,2021-07-20,active,0,34,4.2
CUST2005,26,Female,India,2022-05-17,paused,2,20,4.1
CUST2006,36,Male,India,2021-07-28,active,5,5,4.1
CUST2007,36,Male,Germany,2021-05-29,paused,3,16,4.6
CUST2008,46,Male,Pakistan,2021-10-18,cancelled,5,38,3.8
CUST2009,68,Female,Germany,2021-08-02,active,2,20,4.3
CUST2010,40,Other,UK,2021-01-02,active,1,2,4.2
CUST2011,57,Male,UK,2021-10-10,active,4,21,4.2
CUST2012,60,Female,Germany,2022-03-17,active,2,21,4.4
CUST2013,55,Male,India,2021-03-04,paused,2,7,3.9
CUST2014,50,Male,Canada,2023-07-14,active,0,48,4.0
CUST2015,40,Female,Canada,2021-11-14,cancelled,3,12,4.2
CUST2016,27,Female,Pakistan,2020-04-11,paused,1,16,3.7
CUST2017,48,Female,India,2022-10-22,paused,4,39,4.5
CUST2018,39,Female,UK,2022-10-20,paused,2,20,4.5
CUST2019,67,Female,UK,2021-10-21,cancelled,4,42,3.6
CUST2020,36,Male,USA,2022-03-20,active,5,49,4.3
CUST2021,32,Male,UK,2023-03-01,active,2,46,4.1
CUST2022,32,Male,Germany,2021-07-31,active,4,39,3.9
CUST2023,27,Female,USA,2020-08-28,cancelled,2,18,3.6
CUST2024,57,Female,USA,2022-06-21,active,1,4,4.0
CUST2025,42,Male,Canada,2021-08-16,active,3,41,4.1
CUST2026,27,Male,Canada,2022-08-17,active,1,37,3.7
CUST2027,19,Female,India,2023-05-17,active,4,5,3.9
CUST2028,24,Female,USA,2022-11-21,active,0,2,4.1
CUST2029,53,Female,Canada,2023-10-07,cancelled,1,25,3.9
CUST2030,54,Male,India,2022-10-21,paused,4,25,3.9
CUST2031,37,Female,Germany,2020-12-16,cancelled,1,14,3.9
CUST2032,49,Female,Germany,2020-11-30,active,3,20,3.8
CUST2033,68,Female,Canada,2021-02-22,cancelled,2,7,3.8
CUST2034,56,Female,India,2022-05-16,cancelled,3,22,4.1
CUST2035,26,Female,Pakistan,2022-11-26,active,1,36,4.1
CUST2036,32,Male,UK,2021-03-07,cancelled,2,23,3.3
CUST2037,54,Female,USA,2022-05-01,paused,2,29,4.2
CUST2038,63,Female,Canada,2022-01-06,cancelled,0,27,4.0
CUST2039,19,Male,Pakistan,2022-12-05,paused,0,41,4.3
CUST2040,61,Female,India,2021-03-19,active,2,46,4.0
CUST2041,22,Male,USA,2021-07-23,cancelled,1,47,4.5
CUST2042,51,Male,Pakistan,2021-07-05,cancelled,2,33,4.1
CUST2043,53,Male,UK,2022-04-21,cancelled,1,37,4.0
CUST2044,52,Female,USA,2023-03-14,active,2,1,4.2
CUST2045,39,Male,India,2022-09-25,active,2,27,3.8
CUST2046,31,Female,India,2021-12-11,active,2,13,4.2
CUST2047,22,Male,USA,2021-09-22,active,0,35,4.2
CUST2048,61,Female,Germany,2022-01-17,cancelled,1,27,3.6
CUST2049,47,Female,Canada,2021-02-07,cancelled,4,31,3.8
CUST2050,29,Female,Canada,2023-07-26,paused,1,11,4.1
CUST2051,38,Female,USA,2022-08-12,active,0,14,4.1
CUST2052,56,Female,Canada,2022-03-10,cancelled,3,38,4.1
CUST2053,23,Female,Pakistan,2022-02-24,paused,3,1,4.1
CUST2054,50,Female,India,2023-04-24,active,1,21,4.2
CUST2055,38,Male,Pakistan,2023-07-20,paused,0,36,4.0
CUST2056,40,Male,India,2023-07-25,active,2,9,4.3
CUST2057,50,Male,UK,2021-02-16,active,3,28,4.2
CUST2058,61,Male,UK,2021-12-21,cancelled,0,14,4.2
CUST2059,22,Female,UK,2022-02-15,cancelled,5,21,3.7
CUST2060,49,Male,Canada,2021-03-16,active,3,38,4.1
CUST2061,47,Female,Germany,2022-08-11,active,3,34,4.4
CUST2062,67,Male,Germany,2021-07-31,paused,4,31,3.8
CUST2063,20,Female,Canada,2023-01-24,cancelled,5,21,4.0
CUST2064,62,Female,UK,2022-11-26,cancelled,3,37,4.2
CUST2065,26,Male,UK,2020-01-12,active,5,31,3.8
CUST2066,40,Male,UK,2022-01-06,active,0,20,4.2
CUST2067,63,Female,Pakistan,2022-03-25,cancelled,5,3,4.0
CUST2068,30,Female,UK,2021-03-09,active,2,33,3.9
CUST2069,68,Male,UK,2022-02-23,cancelled,3,45,4.3
CUST2070,63,Male,Pakistan,2021-01-02,cancelled,3,24,3.8
CUST2071,36,Male,Germany,2021-10-09,active,4,5,4.0
CUST2072,53,Female,UK,2020-08-10,cancelled,1,37,4.2
CUST2073,51,Male,USA,2021-07-04,paused,4,42,4.2
CUST2074,59,Female,USA,2021-02-12,active,2,36,3.6
CUST2075,45,Male,India,2023-09-06,active,4,38,4.3
CUST2076,64,Male,India,2022-12-18,active,3,14,4.0
CUST2077,22,Male,Germany,2022-08-13,cancelled,5,19,4.2
CUST2078,41,Female,Pakistan,2022-05-17,active,1,37,4.1
CUST2079,19,Male,Pakistan,2020-11-24,active,1,17,4.0
CUST2080,50,Female,Canada,2021-05-27,cancelled,2,20,4.3
CUST2081,55,Male,Canada,2021-07-29,active,4,5,4.0
CUST2082,42,Female,Canada,2022-02-06,paused,5,6,3.9
CUST2083,54,Male,India,2023-02-21,paused,1,9,4.2
CUST2084,28,Male,USA,2023-02-22,active,0,11,4.1
CUST2085,19,Female,USA,2023-07-21,paused,1,24,4.4
CUST2086,49,Female,USA,2021-04-11,active,0,25,4.0
CUST2087,45,Female,Germany,2021-06-09,active,0,31,3.8
CUST2088,23,Male,Pakistan,2022-05-10,active,4,23,4.0
CUST2089,29,Female,Canada,2020-01-10,active,0,42,3.1
CUST2090,53,Male,USA,2021-11-26,active,2,15,4.3
CUST2091,22,Female,Germany,2022-08-22,paused,0,32,4.2
CUST2092,26,Female,Pakistan,2021-09-26,active,3,26,4.4
CUST2093,43,Female,Germany,2023-06-07,active,0,31,4.1
CUST2094,51,Female,Germany,2020-11-22,active,3,27,4.2
CUST2095,63,Female,India,2022-08-10,active,5,31,4.1
CUST2096,64,Male,Germany,2022-01-18,active,2,33,4.1
CUST2097,54,Female,Pakistan,2022-01-03,active,3,24,4.1
CUST2098,50,Female,Canada,2022-02-04,paused,3,39,3.9
CUST2099,63,Female,Germany,2022-05-07,paused,1,15,3.9
CUST2100,33,Male,USA,2022-05-07,active,5,45,3.8
CUST2101,18,Female,India,2022-04-27,cancelled,5,49,4.0
CUST2102,69,Female,Canada,2023-07-28,active,2,29,4.2
CUST2103,67,Male,Canada,2023-03-31,active,4,30,4.1
CUST2104,38,Other,Pakistan,2021-01-28,active,5,27,4.3
CUST2105,44,Male,India,2021-06-14,active,3,29,3.7
CUST2106,22,Female,USA,2020-09-13,active,2,39,4.2
CUST2107,53,Male,Pakistan,2022-08-31,active,5,41,4.3
CUST2108,69,Other,USA,2022-10-16,cancelled,0,35,4.3
CUST2109,22,Male,UK,2020-11-30,active,3,14,4.4
CUST2110,54,Female,UK,2021-12-23,active,5,43,3.8
CUST2111,36,Male,USA,2022-08-16,active,5,9,4.5
CUST2112,24,Female,UK,2021-01-26,active,0,44,3.8
CUST2113,64,Female,UK,2021-12-05,active,0,19,3.8
CUST2114,19,Male,USA,2022-07-11,paused,2,33,4.1
CUST2115,29,Female,Pakistan,2020-12-27,active,3,28,4.1
CUST2116,61,Female,Germany,2021-05-24,paused,4,15,3.8
CUST2117,59,Male,USA,2022-10-04,active,1,19,3.3
CUST2118,66,Male,India,2020-09-15,cancelled,3,44,4.0
CUST2119,23,Female,USA,2022-08-06,active,1,37,4.6
CUST2120,41,Male,Pakistan,2023-05-27,cancelled,5,43,3.9
CUST2121,58,Female,USA,2023-02-28,cancelled,0,38,3.7
CUST2122,37,Male,UK,2022-09-25,active,1,8,4.2
CUST2123,40,Other,UK,2020-12-19,paused,0,7,4.1
CUST2124,68,Male,USA,2020-12-28,active,0,23,4.1
CUST2125,23,Female,Canada,2020-10-21,active,1,11,3.8
CUST2126,25,Male,Germany,2020-12-10,active,1,25,4.1
CUST2127,60,Female,Germany,2023-02-03,paused,1,7,4.6
CUST2128,24,Male,UK,2023-05-17,active,5,33,4.1
CUST2129,66,Male,USA,2021-05-28,active,3,30,4.2
CUST2130,40,Male,Pakistan,2020-03-10,cancelled,5,9,3.9
CUST2131,62,Male,Canada,2021-03-09,active,4,46,4.1
CUST2132,61,Male,India,2022-08-21,cancelled,3,45,4.1
CUST2133,64,Male,USA,2022-09-12,active,4,5,4.0
CUST2134,40,Female,UK,2021-09-13,paused,4,36,3.7
CUST2135,40,Female,India,2023-08-15,active,0,29,4.1
CUST2136,21,Female,Germany,2022-11-10,active,3,45,4.1
CUST2137,19,Female,USA,2022-01-09,active,3,46,4.1
CUST2138,52,Male,Pakistan,2021-06-14,paused,2,24,3.3
CUST2139,53,Male,Germany,2023-06-03,active,4,42,4.1
CUST2140,61,Female,Pakistan,2022-09-09,active,1,39,4.1
CUST2141,32,Female,UK,2021-04-02,cancelled,5,45,4.4
CUST2142,53,Female,India,2022-03-08,cancelled,5,47,4.3
CUST2143,24,Other,Canada,2023-05-08,active,1,49,4.1
CUST2144,47,Female,USA,2023-03-07,active,4,29,3.7
CUST2145,62,Female,UK,2020-10-18,active,3,18,4.8
CUST2146,49,Female,India,2021-12-03,cancelled,0,37,4.5
CUST2147,60,Female,Germany,2022-06-19,cancelled,5,14,4.0
CUST2148,48,Female,Pakistan,2021-11-04,cancelled,4,16,4.1
CUST2149,36,Female,UK,2022-10-10,active,3,16,3.9
CUST2150,30,Female,UK,2023-03-03,active,5,46,4.1
CUST2151,57,Male,Germany,2021-12-24,active,4,17,4.2
CUST2152,21,Male,Pakistan,2020-12-20,active,3,2,4.1
CUST2153,20,Male,USA,2023-01-31,paused,0,27,3.5
CUST2154,48,Female,Pakistan,2023-05-31,active,4,39,4.3
CUST2155,61,Other,Germany,2023-05-18,active,2,32,3.9
CUST2156,53,Male,UK,2022-11-14,paused,5,6,4.2
CUST2157,49,Female,USA,2021-01-24,paused,0,45,3.8
CUST2158,39,Male,USA,2023-12-08,active,3,18,4.5
CUST2159,37,Male,Pakistan,2023-08-08,active,3,25,3.8
CUST2160,42,Female,UK,2021-03-17,active,3,49,4.1
CUST2161,27,Female,UK,2022-02-27,paused,4,5,4.2
CUST2162,25,Male,Germany,2021-02-19,active,1,32,4.1
CUST2163,20,Male,USA,2021-09-05,active,3,29,4.2
CUST2164,20,Male,Germany,2021-10-05,paused,2,7,4.5
CUST2165,55,Male,UK,2020-02-09,active,5,31,4.0
CUST2166,20,Male,Canada,2021-06-02,paused,4,13,4.4
CUST2167,60,Female,UK,2022-09-12,active,0,27,4.0
CUST2168,46,Female,UK,2020-02-09,active,3,8,4.0
CUST2169,63,Female,Canada,2020-11-19,active,3,15,3.9
CUST2170,67,Female,UK,2022-12-26,paused,3,4,4.0
CUST2171,60,Male,USA,2023-01-23,cancelled,3,45,3.8
CUST2172,64,Male,UK,2020-03-10,active,2,35,4.2
CUST2173,69,Female,Pakistan,2020-01-09,active,5,21,4.3
CUST2174,26,Male,Pakistan,2022-10-20,active,5,31,4.2
CUST2175,19,Male,USA,2021-09-14,active,0,35,4.3
CUST2176,54,Male,India,2022-11-09,cancelled,1,40,4.2
CUST2177,61,Male,USA,2022-10-28,active,5,49,4.4
CUST2178,67,Male,India,2022-05-18,cancelled,1,46,3.8
CUST2179,46,Male,Canada,2022-09-19,active,1,16,4.1
CUST2180,68,Male,Germany,2020-11-15,paused,3,17,3.9
CUST2181,30,Male,Pakistan,2021-09-29,cancelled,3,6,4.3
CUST2182,28,Female,Germany,2022-02-23,active,3,33,4.4
CUST2183,59,Male,UK,2022-07-14,active,2,18,3.6
CUST2184,45,Male,Pakistan,2022-05-30,cancelled,0,26,3.8
CUST2185,60,Female,Canada,2022-08-29,paused,3,4,4.0
CUST2186,67,Male,Pakistan,2022-04-10,paused,2,30,4.1
CUST2187,35,Male,Pakistan,2022-05-07,cancelled,2,39,4.3
CUST2188,62,Male,Germany,2021-06-21,cancelled,0,15,4.0
CUST2189,22,Male,Canada,2022-05-30,active,3,9,3.9
CUST2190,31,Male,Pakistan,2022-04-05,active,3,44,4.4
CUST2191,33,Male,Canada,2022-09-11,active,1,49,3.7
CUST2192,32,Female,India,2021-06-26,cancelled,2,27,3.6
CUST2193,50,Female,UK,2021-10-10,cancelled,5,13,3.7
CUST2194,35,Female,UK,2022-02-18,active,3,40,4.0
CUST2195,57,Male,UK,2021-02-15,active,2,4,4.2
CUST2196,58,Male,UK,2021-09-18,paused,1,21,3.8
CUST2197,31,Other,USA,2022-12-31,active,2,41,4.2
CUST2198,35,Male,UK,2021-09-02,active,5,7,3.9
CUST2199,30,Male,USA,2023-03-08,active,4,39,4.0
CUST2200,69,Male,UK,2022-01-19,active,5,20,4.1
CUST2201,55,Female,UK,2023-11-03,active,2,25,4.8
CUST2202,56,Female,UK,2021-12-01,active,4,36,4.2
CUST2203,43,Male,Canada,2021-04-24,active,2,6,4.1
CUST2204,54,Female,USA,2021-07-11,active,1,47,4.0
CUST2205,30,Male,USA,2022-06-07,active,4,12,3.9
CUST2206,42,Female,UK,2021-01-21,paused,4,20,4.1
CUST2207,38,Male,India,2023-10-05,active,4,23,4.3
CUST2208,48,Female,Pakistan,2021-12-22,active,0,27,4.1
CUST2209,67,Male,Canada,2022-05-21,cancelled,1,5,4.2
CUST2210,29,Male,India,2020-10-31,cancelled,3,19,3.9
CUST2211,18,Male,Germany,2021-06-19,active,3,28,3.7
CUST2212,28,Female,UK,2022-12-09,active,0,36,4.1
CUST2213,57,Male,India,2022-04-03,active,4,23,4.0
CUST2214,40,Male,UK,2022-09-04,paused,4,44,3.8
CUST2215,62,Male,USA,2021-01-05,cancelled,0,20,4.2
CUST2216,29,Male,USA,2021-12-01,active,0,42,4.6
CUST2217,50,Male,UK,2021-08-02,active,0,5,4.1
CUST2218,41,Female,USA,2023-01-06,active,0,29,3.3
CUST2219,64,Female,USA,2021-11-07,paused,4,44,4.2
CUST2220,39,Female,Germany,2021-02-04,active,1,6,4.3
CUST2221,53,Male,Pakistan,2022-07-11,active,1,15,4.3
CUST2222,45,Male,Canada,2021-10-04,cancelled,1,38,4.3
CUST2223,60,Other,Pakistan,2021-04-12,active,0,22,4.7
CUST2224,29,Female,Germany,2020-09-20,active,3,12,4.4
CUST2225,36,Female,Pakistan,2023-08-07,active,0,13,3.9
CUST2226,25,Female,Germany,2023-03-24,active,5,31,4.7
CUST2227,52,Male,India,2022-05-18,active,3,48,4.1
CUST2228,60,Other,Germany,2023-07-04,active,0,35,3.8
CUST2229,53,Female,UK,2022-10-08,active,5,32,4.4
CUST2230,46,Female,India,2021-05-20,cancelled,5,48,4.3
CUST2231,40,Female,Pakistan,2021-06-02,paused,0,38,3.4
CUST2232,50,Female,India,2020-12-12,active,0,5,4.2
CUST2233,67,Female,Canada,2020-10-19,active,3,36,3.7
CUST2234,34,Female,Germany,2020-08-20,active,5,27,4.3
CUST2235,44,Female,Germany,2022-09-09,active,1,17,4.3
CUST2236,63,Female,India,2021-07-19,cancelled,1,27,4.4
CUST2237,49,Female,Germany,2021-09-03,active,4,7,4.1
CUST2238,51,Female,Pakistan,2022-12-22,paused,4,18,4.0
CUST2239,29,Male,India,2023-07-18,active,5,28,4.4
CUST2240,44,Male,Germany,2022-02-08,active,1,39,3.8
CUST2241,55,Female,Germany,2021-03-03,active,0,16,4.3
CUST2242,41,Female,Pakistan,2023-02-18,active,4,14,3.8
CUST2243,26,Female,UK,2022-11-10,active,3,10,2.3
CUST2244,18,Male,Germany,2021-06-16,active,5,20,4.5
CUST2245,55,Female,Canada,2020-11-13,active,3,7,4.0
CUST2246,36,Female,Germany,2022-09-29,cancelled,3,28,3.7
CUST2247,60,Male,India,2021-01-18,active,0,8,4.0
CUST2248,46,Male,India,2023-04-13,active,3,5,4.4
CUST2249,49,Male,Germany,2022-08-02,cancelled,4,35,4.1
CUST2250,48,Male,UK,2021-12-11,active,1,10,4.4
CUST2251,58,Female,USA,2020-06-09,cancelled,4,44,3.1
CUST2252,26,Male,Canada,2021-05-07,active,1,39,4.3
CUST2253,42,Female,Pakistan,2021-10-08,active,2,19,4.4
CUST2254,54,Female,Canada,2021-10-14,paused,4,33,4.4
CUST2255,51,Female,India,2021-10-05,cancelled,2,19,4.1
CUST2256,28,Female,Germany,2021-09-23,active,0,39,4.1
CUST2257,56,Male,Canada,2020-12-09,cancelled,2,6,4.0
CUST2258,46,Male,Canada,2021-09-20,active,3,17,3.6
CUST2259,39,Male,Germany,2020-10-20,active,0,39,3.9
CUST2260,50,Male,Germany,2022-02-28,active,5,4,3.9
CUST2261,50,Female,UK,2023-11-02,active,2,47,3.8
CUST2262,58,Male,USA,2022-12-15,paused,0,29,4.1
CUST2263,19,Female,UK,2023-11-03,paused,3,38,4.1
CUST2264,25,Male,Pakistan,2023-07-23,active,1,38,4.1
CUST2265,48,Female,Canada,2021-05-11,active,3,27,3.8
CUST2266,28,Female,Canada,2020-04-09,active,5,49,4.3
CUST2267,65,Male,UK,2021-06-27,cancelled,1,11,4.5
CUST2268,68,Female,USA,2021-08-21,cancelled,3,4,4.2
CUST2269,43,Female,Pakistan,2021-02-16,active,4,23,3.9
CUST2270,24,Male,UK,2022-06-21,active,0,42,3.5
CUST2271,55,Male,Canada,2022-10-04,active,3,43,4.3
CUST2272,47,Male,USA,2023-04-02,paused,2,17,3.9
CUST2273,25,Female,Pakistan,2021-03-31,active,5,31,3.9
CUST2274,60,Female,Canada,2021-03-30,active,0,1,4.0
CUST2275,58,Male,India,2022-08-17,active,4,12,4.7
CUST2276,18,Female,India,2022-09-13,paused,5,19,4.1
CUST2277,53,Male,USA,2021-01-03,active,2,18,3.8
CUST2278,34,Female,UK,2023-02-26,cancelled,0,32,4.1
CUST2279,53,Female,Canada,2023-03-13,active,1,4,4.0
CUST2280,41,Male,Germany,2023-09-02,active,1,21,4.1
CUST2281,27,Male,Germany,2023-05-01,active,2,4,3.9
CUST2282,27,Female,UK,2021-07-24,active,0,36,3.8
CUST2283,52,Male,Germany,2022-01-13,active,1,33,4.1
CUST2284,46,Male,India,2021-09-30,active,2,28,4.3
CUST2285,26,Male,UK,2022-05-23,active,4,35,3.9
CUST2286,56,Female,UK,2021-10-06,active,2,34,2.8
CUST2287,32,Female,Canada,2021-01-05,active,0,36,4.0
CUST2288,69,Female,India,2022-07-07,cancelled,2,35,4.5
CUST2289,64,Female,Pakistan,2023-04-03,cancelled,5,5,4.6
CUST2290,24,Female,Pakistan,2022-06-18,paused,3,27,4.1
CUST2291,18,Male,Germany,2022-10-08,cancelled,5,19,4.1
CUST2292,19,Female,Canada,2021-11-17,active,1,39,3.4
CUST2293,59,Female,USA,2020-11-22,cancelled,2,26,4.6
CUST2294,19,Female,UK,2023-03-29,active,2,32,4.2
CUST2295,31,Male,Pakistan,2021-05-25,active,4,40,3.9
CUST2296,66,Male,India,2022-02-04,active,3,10,4.2
CUST2297,63,Female,Germany,2022-05-12,active,1,30,4.2
CUST2298,56,Female,Canada,2021-09-10,paused,0,16,4.1
CUST2299,33,Female,USA,2022-02-15,active,2,13,4.8
CUST2300,22,Female,Pakistan,2022-05-11,cancelled,1,36,4.4
CUST2301,44,Male,USA,2022-10-17,cancelled,2,18,4.3
CUST2302,49,Male,India,2020-08-10,active,3,29,4.3
CUST2303,24,Female,Canada,2022-03-24,cancelled,1,4,4.0
CUST2304,57,Female,USA,2020-03-09,active,4,11,4.3
CUST2305,19,Male,Canada,2021-03-04,active,5,13,4.0
CUST2306,37,Male,USA,2023-11-07,active,5,2,4.4
CUST2307,58,Female,Canada,2021-07-01,cancelled,4,22,4.1
CUST2308,27,Female,USA,2022-07-25,cancelled,1,20,3.6
CUST2309,67,Male,UK,2022-07-31,active,3,6,2.0
CUST2310,27,Male,Canada,2023-04-16,active,3,47,4.0
CUST2311,27,Male,USA,2021-11-22,paused,5,34,3.7
CUST2312,61,Female,Pakistan,2023-12-07,active,5,19,3.8
CUST2313,19,Female,USA,2021-09-10,cancelled,3,25,3.9
CUST2314,25,Male,Pakistan,2022-06-27,cancelled,4,18,3.1
CUST2315,29,Male,USA,2022-03-09,cancelled,1,6,3.0
CUST2316,52,Male,India,2021-07-10,active,3,8,4.0
CUST2317,64,Female,Germany,2021-04-04,paused,0,29,4.4
CUST2318,50,Female,USA,2021-08-03,cancelled,2,25,4.1
CUST2319,26,Other,UK,2021-01-11,active,4,23,3.6
CUST2320,53,Male,Germany,2023-04-30,active,0,43,4.4
CUST2321,20,Male,Pakistan,2021-08-29,active,0,12,4.2
CUST2322,23,Male,Canada,2022-09-07,cancelled,4,7,4.3
CUST2323,31,Male,India,2023-07-05,active,2,20,3.8
CUST2324,26,Male,Germany,2021-05-23,active,5,15,4.1
CUST2325,21,Male,UK,2021-08-09,cancelled,5,48,4.0
CUST2326,49,Female,Germany,2021-03-13,paused,0,10,4.2
CUST2327,58,Female,Pakistan,2021-11-08,active,3,29,3.6
CUST2328,18,Female,USA,2022-06-09,active,5,13,4.2
CUST2329,30,Female,USA,2022-12-10,active,4,35,4.1
CUST2330,23,Male,Pakistan,2020-06-12,active,4,44,4.2
CUST2331,52,Male,Canada,2023-02-22,paused,2,30,3.9
CUST2332,49,Female,Pakistan,2020-12-13,cancelled,4,36,4.0
CUST2333,55,Male,UK,2020-10-09,active,1,34,4.2
CUST2334,36,Other,India,2022-02-24,active,3,43,4.2
CUST2335,65,Male,USA,2022-09-08,active,4,2,4.1
CUST2336,54,Female,Pakistan,2020-09-15,cancelled,3,6,4.4
CUST2337,57,Female,Pakistan,2021-01-04,cancelled,2,21,4.1
CUST2338,19,Male,UK,2021-07-31,paused,2,14,4.2
CUST2339,56,Male,India,2021-09-16,active,5,46,4.1
CUST2340,39,Female,Canada,2021-06-19,cancelled,3,6,3.9
CUST2341,49,Female,Pakistan,2023-11-03,paused,2,38,3.9
CUST2342,49,Female,India,2022-01-11,active,0,22,4.2
CUST2343,24,Female,India,2021-05-27,active,4,17,4.2
CUST2344,56,Male,India,2022-12-24,cancelled,1,22,3.7
CUST2345,20,Other,Pakistan,2021-03-22,cancelled,1,6,3.7
CUST2346,21,Female,India,2021-06-28,active,2,13,3.4
CUST2347,45,Male,Canada,2023-12-04,paused,1,43,4.2
CUST2348,47,Female,India,2021-05-20,cancelled,0,49,4.0
CUST2349,53,Male,Germany,2021-08-20,cancelled,3,11,4.1
CUST2350,52,Female,Pakistan,2022-11-11,active,5,1,3.9
CUST2351,45,Male,Germany,2020-10-17,paused,4,16,4.0
CUST2352,62,Male,Canada,2021-12-15,active,0,20,3.9
CUST2353,45,Female,India,2020-12-15,cancelled,4,7,4.2
CUST2354,20,Female,Pakistan,2023-09-04,paused,1,10,4.3
CUST2355,33,Female,USA,2022-10-26,active,0,24,4.0
CUST2356,58,Female,India,2023-04-07,active,0,12,2.6
CUST2357,49,Female,UK,2021-11-13,cancelled,3,29,3.8
CUST2358,58,Female,Germany,2021-06-10,cancelled,4,47,4.5
CUST2359,57,Female,USA,2023-08-15,active,0,26,3.5
CUST2360,65,Female,UK,2021-01-31,active,3,3,3.9
CUST2361,58,Male,USA,2021-08-17,active,2,49,4.0
CUST2362,67,Female,Canada,2022-03-07,paused,1,3,4.0
CUST2363,41,Female,Pakistan,2023-04-05,paused,2,36,3.5
CUST2364,23,Male,Canada,2020-12-28,cancelled,3,40,4.0
CUST2365,45,Female,UK,2022-09-09,paused,3,48,3.4
CUST2366,57,Female,India,2022-12-06,active,4,9,4.2
CUST2367,41,Female,Canada,2021-03-15,active,4,17,3.8
CUST2368,54,Male,Germany,2021-01-27,cancelled,4,18,4.1
CUST2369,57,Other,India,2021-02-24,cancelled,2,35,4.2
CUST2370,61,Male,India,2021-10-28,active,3,22,4.3
CUST2371,19,Male,Canada,2021-04-27,active,2,9,4.2
CUST2372,23,Female,Canada,2023-08-04,active,2,37,4.1
CUST2373,64,Female,Canada,2021-07-06,paused,3,36,3.9
CUST2374,64,Male,Canada,2022-05-21,cancelled,3,39,3.3
CUST2375,50,Male,UK,2023-07-31,active,4,13,4.3
CUST2376,63,Female,Pakistan,2023-07-07,active,0,3,3.9
CUST2377,38,Female,Canada,2020-11-20,cancelled,4,47,4.3
CUST2378,33,Female,Germany,2023-06-05,cancelled,4,47,3.6
CUST2379,22,Female,USA,2020-09-29,paused,1,37,3.8
CUST2380,67,Female,USA,2021-01-08,cancelled,3,20,3.9
CUST2381,63,Male,USA,2021-12-08,active,1,5,4.6
CUST2382,64,Other,USA,2021-09-30,paused,3,10,3.8
CUST2383,67,Female,Germany,2022-04-26,paused,3,34,3.9
CUST2384,53,Male,Pakistan,2023-05-06,active,3,2,4.1
CUST2385,44,Male,Pakistan,2023-12-06,cancelled,2,39,3.6
CUST2386,26,Male,India,2022-12-17,active,2,18,4.4
CUST2387,25,Female,Pakistan,2023-04-04,active,1,15,4.3
CUST2388,64,Female,Germany,2022-04-12,active,2,8,4.7
CUST2389,39,Male,Germany,2021-05-22,cancelled,3,12,4.3
CUST2390,26,Female,India,2022-01-27,cancelled,3,40,3.9
CUST2391,54,Male,USA,2020-10-17,active,0,31,3.9
CUST2392,63,Male,India,2020-10-10,active,0,47,3.7
CUST2393,33,Male,UK,2023-10-04,paused,1,15,3.5
CUST2394,51,Male,UK,2021-10-28,paused,2,39,4.0
CUST2395,59,Male,UK,2021-10-10,cancelled,4,31,4.1
CUST2396,62,Female,UK,2021-08-28,active,3,9,3.9
CUST2397,67,Female,Pakistan,2021-08-21,active,2,41,4.4
CUST2398,69,Male,Canada,2021-01-30,active,4,33,4.3
CUST2399,31,Male,USA,2021-08-22,active,1,49,4.5
CUST2400,18,Male,Canada,2021-10-11,active,4,35,4.0
CUST2401,56,Male,India,2020-12-29,cancelled,2,32,3.9
CUST2402,57,Female,USA,2022-01-06,active,3,32,4.2
CUST2403,35,Other,USA,2021-05-17,paused,2,11,4.1
CUST2404,56,Male,UK,2023-04-05,active,3,18,3.7
CUST2405,20,Male,Canada,2022-03-19,active,5,10,4.1
CUST2406,49,Male,Pakistan,2023-05-06,active,0,41,4.2
CUST2407,63,Male,Pakistan,2021-08-17,cancelled,2,30,4.3
CUST2408,33,Female,Germany,2021-01-22,active,3,16,3.6
CUST2409,43,Male,India,2021-04-24,active,2,25,4.1
CUST2410,21,Male,Germany,2023-04-28,paused,4,9,4.5
CUST2411,65,Male,USA,2022-12-26,paused,2,45,4.2
CUST2412,48,Female,Canada,2021-05-08,active,5,33,4.3
CUST2413,42,Female,Germany,2021-11-29,active,0,5,4.0
CUST2414,38,Male,USA,2022-10-28,active,3,13,4.2
CUST2415,69,Male,UK,2023-01-21,active,1,47,4.2
CUST2416,63,Female,Canada,2023-04-05,cancelled,4,34,4.5
CUST2417,59,Female,UK,2023-04-19,active,1,4,3.8
CUST2418,57,Female,UK,2021-02-09,active,2,39,4.4
CUST2419,33,Male,Pakistan,2021-05-22,active,3,21,4.1
CUST2420,66,Female,USA,2023-04-24,cancelled,1,13,4.2
CUST2421,56,Female,India,2022-01-16,cancelled,1,8,4.3
CUST2422,28,Female,India,2021-02-25,active,0,19,4.1
CUST2423,56,Female,UK,2023-02-16,active,3,35,4.2
CUST2424,53,Female,UK,2022-06-29,active,2,2,4.1
CUST2425,49,Male,UK,2021-03-05,paused,0,30,3.9
CUST2426,23,Female,Germany,2021-06-21,active,1,13,3.9
CUST2427,21,Male,Germany,2022-02-03,cancelled,0,15,3.8
CUST2428,48,Female,Germany,2023-08-05,paused,4,31,4.6
CUST2429,36,Male,Germany,2023-01-20,active,5,45,3.6
CUST2430,50,Female,UK,2021-12-19,cancelled,2,41,4.1
CUST2431,25,Male,USA,2022-05-26,cancelled,4,4,4.2
CUST2432,47,Female,UK,2020-10-14,paused,3,5,4.3
CUST2433,31,Female,Germany,2021-12-22,active,0,32,3.9
CUST2434,54,Male,Germany,2022-05-20,active,0,10,3.9
CUST2435,68,Female,Canada,2022-12-09,cancelled,2,37,4.0
CUST2436,36,Female,Canada,2021-06-18,paused,1,34,4.4
CUST2437,51,Male,Germany,2023-02-13,active,0,15,4.2
CUST2438,64,Female,USA,2021-06-10,active,1,36,4.5
CUST2439,63,Female,USA,2021-06-25,cancelled,2,11,4.1
CUST2440,66,Male,UK,2021-12-13,paused,4,37,4.1
CUST2441,26,Male,UK,2021-09-30,active,3,24,4.2
CUST2442,21,Male,USA,2021-12-26,cancelled,5,34,4.2
CUST2443,64,Male,India,2021-07-07,cancelled,2,8,4.0
CUST2444,45,Female,India,2022-10-21,active,3,49,4.3
CUST2445,26,Female,India,2022-04-24,paused,5,15,3.6
CUST2446,31,Female,UK,2021-02-14,active,2,45,3.5
CUST2447,67,Female,UK,2022-06-24,active,1,6,4.3
CUST2448,52,Male,USA,2023-03-27,active,5,22,3.6
CUST2449,58,Male,India,2022-02-28,active,1,44,2.9
CUST2450,42,Male,Pakistan,2023-11-07,active,1,14,4.2
CUST2451,52,Female,Canada,2022-12-15,active,5,48,4.4
CUST2452,65,Female,Pakistan,2020-09-29,cancelled,1,32,4.1
CUST2453,60,Female,UK,2023-05-03,cancelled,1,17,3.8
CUST2454,23,Female,UK,2020-08-22,paused,1,27,3.5
CUST2455,48,Male,UK,2021-02-20,active,1,16,4.1
CUST2456,44,Male,Germany,2021-11-03,active,5,45,3.2
CUST2457,35,Male,UK,2023-08-06,active,1,15,4.4
CUST2458,43,Male,USA,2022-09-12,cancelled,5,19,3.6
CUST2459,66,Female,India,2020-12-10,active,2,22,3.1
CUST2460,42,Male,Germany,2021-02-13,paused,3,27,4.0
CUST2461,20,Female,Pakistan,2020-08-20,active,4,18,4.1
CUST2462,47,Female,Canada,2021-05-08,paused,4,24,3.6
CUST2463,68,Female,USA,2023-07-29,active,2,27,4.0
CUST2464,46,Male,Pakistan,2021-12-30,paused,0,21,4.3
CUST2465,43,Male,Pakistan,2022-10-23,active,5,30,4.1
CUST2466,33,Female,India,2020-12-12,active,1,9,4.2
CUST2467,36,Male,Canada,2020-08-23,paused,2,36,3.9
CUST2468,23,Female,Pakistan,2022-12-13,active,2,8,4.0
CUST2469,36,Female,UK,2020-09-25,active,4,4,4.2
CUST2470,52,Male,Germany,2023-07-04,active,0,34,4.2
CUST2471,54,Female,India,2023-05-14,active,2,17,4.1
CUST2472,21,Male,India,2022-01-18,cancelled,5,31,4.4
CUST2473,67,Other,USA,2021-10-12,cancelled,1,23,4.1
CUST2474,64,Male,Germany,2022-07-16,active,2,9,4.2
CUST2475,50,Female,UK,2020-12-25,active,2,24,4.1
CUST2476,42,Male,Canada,2020-11-11,active,2,8,3.9
CUST2477,36,Male,UK,2021-11-18,paused,1,43,3.9
CUST2478,52,Male,Germany,2023-05-24,active,2,25,4.2
CUST2479,46,Female,USA,2020-11-29,active,0,47,4.2
CUST2480,64,Female,India,2020-12-30,cancelled,3,46,3.7
CUST2481,41,Male,India,2021-07-10,active,0,44,3.7
CUST2482,46,Female,Pakistan,2023-09-06,paused,3,8,3.4
CUST2483,37,Female,UK,2022-09-28,cancelled,3,11,4.2
CUST2484,33,Female,UK,2023-06-02,cancelled,0,19,4.0
CUST2485,56,Male,Germany,2021-03-12,active,0,39,4.1
CUST2486,59,Female,Canada,2023-05-01,active,4,49,3.9
CUST2487,56,Male,Canada,2020-08-09,active,3,24,4.0
CUST2488,63,Female,India,2022-04-27,cancelled,5,11,3.9
CUST2489,29,Female,USA,2021-07-11,active,5,45,4.2
CUST2490,47,Male,USA,2021-08-04,cancelled,2,34,4.3
CUST2491,55,Male,USA,2021-06-24,cancelled,2,40,4.0
CUST2492,68,Male,India,2022-11-29,active,3,40,2.6
CUST2493,39,Male,Canada,2023-04-03,paused,4,46,3.8
CUST2494,43,Male,UK,2021-06-22,active,2,2,4.5
CUST2495,18,Male,UK,2021-12-26,cancelled,4,46,3.5
CUST2496,39,Male,Germany,2022-03-18,cancelled,0,6,3.9
CUST2497,52,Female,India,2021-02-06,cancelled,3,18,4.0
CUST2498,42,Female,Germany,2022-01-24,active,0,12,4.0
CUST2499,38,Male,India,2023-04-24,active,4,26,3.5
CUST2500,35,Male,India,2021-05-07,active,2,42,4.0
CUST2501,66,Male,India,2021-12-04,cancelled,2,3,3.4
CUST2502,28,Female,Germany,2021-02-28,active,4,29,4.2
CUST2503,40,Male,Germany,2022-01-16,active,4,48,3.8
CUST2504,49,Male,USA,2023-05-07,paused,5,37,4.1
CUST2505,55,Male,Pakistan,2021-02-16,active,3,37,4.2
CUST2506,25,Female,USA,2022-10-14,active,1,48,4.3
CUST2507,26,Male,Canada,2023-06-01,active,3,26,4.2
CUST2508,64,Male,Pakistan,2022-08-02,cancelled,0,3,4.1
CUST2509,34,Male,India,2022-01-24,paused,3,11,3.9
CUST2510,46,Male,UK,2022-05-18,active,5,38,3.3
CUST2511,32,Female,Canada,2021-12-08,cancelled,5,15,4.3
CUST2512,20,Male,UK,2022-10-06,cancelled,2,34,3.9
CUST2513,29,Female,UK,2021-12-01,active,4,14,4.3
CUST2514,35,Female,India,2021-03-24,active,3,35,3.6
CUST2515,20,Male,Pakistan,2023-03-30,cancelled,1,7,3.8
CUST2516,30,Male,Pakistan,2021-08-10,active,1,18,3.9
CUST2517,28,Female,USA,2022-01-29,active,2,37,4.6
CUST2518,55,Female,Canada,2021-09-10,active,5,9,3.8
CUST2519,64,Male,Germany,2020-11-10,cancelled,0,27,3.9
CUST2520,57,Female,UK,2022-10-17,cancelled,3,37,4.1
CUST2521,20,Male,Germany,2022-11-28,active,1,8,3.6
CUST2522,62,Female,India,2021-03-28,cancelled,4,5,4.4
CUST2523,58,Male,Germany,2020-12-17,paused,0,5,4.3
CUST2524,19,Female,UK,2021-07-31,active,5,45,4.7
CUST2525,18,Female,Canada,2023-03-06,active,5,40,4.3
CUST2526,18,Male,Canada,2020-04-10,active,4,14,3.9
CUST2527,37,Male,USA,2022-03-10,active,5,40,3.9
CUST2528,21,Male,USA,2023-02-23,cancelled,4,12,3.7
CUST2529,20,Male,USA,2022-06-28,cancelled,2,42,3.5
CUST2530,65,Other,India,2022-09-15,active,5,39,4.0
CUST2531,47,Male,Canada,2021-11-11,active,3,4,4.1
CUST2532,53,Male,USA,2022-06-20,active,5,4,3.9
CUST2533,66,Male,Pakistan,2023-04-03,active,1,11,4.4
CUST2534,35,Male,UK,2021-04-02,cancelled,3,10,4.3
CUST2535,41,Female,Pakistan,2023-02-25,cancelled,2,30,4.5
CUST2536,41,Male,Germany,2023-03-28,active,2,41,4.0
CUST2537,43,Female,Canada,2023-04-15,active,2,16,3.9
CUST2538,58,Male,Pakistan,2022-10-29,cancelled,2,38,4.2
CUST2539,59,Female,Canada,2022-03-28,active,4,32,4.1
CUST2540,30,Male,Canada,2020-09-27,paused,3,4,3.7
CUST2541,54,Female,Canada,2023-04-15,active,4,17,4.1
CUST2542,40,Male,Canada,2021-12-30,cancelled,4,15,4.2
CUST2543,49,Female,Germany,2020-04-11,active,4,5,4.3
CUST2544,36,Female,USA,2023-12-05,cancelled,1,3,3.6
CUST2545,34,Female,Germany,2023-05-21,cancelled,3,41,4.1
CUST2546,18,Female,India,2023-03-17,paused,1,45,4.5
CUST2547,65,Female,Germany,2020-12-29,active,2,25,4.2
CUST2548,20,Female,Canada,2022-06-19,cancelled,2,20,4.3
CUST2549,30,Female,UK,2022-06-20,active,2,42,4.0
CUST2550,68,Female,UK,2021-10-14,active,2,48,4.2
CUST2551,40,Male,Canada,2022-09-09,cancelled,0,31,4.2
CUST2552,65,Male,Pakistan,2021-01-03,active,0,21,4.5
CUST2553,54,Female,Germany,2022-01-23,active,3,22,3.8
CUST2554,63,Male,India,2022-03-15,paused,2,45,4.4
CUST2555,45,Female,USA,2023-10-02,cancelled,5,12,4.1
CUST2556,65,Male,Canada,2021-06-09,active,4,44,4.2
CUST2557,29,Female,Canada,2022-02-21,active,3,3,4.3
CUST2558,30,Male,USA,2021-06-11,active,2,10,4.1
CUST2559,57,Female,Germany,2022-10-26,active,5,12,4.2
CUST2560,39,Female,Germany,2023-12-05,active,2,37,4.1
CUST2561,65,Female,India,2021-08-09,paused,1,26,3.9
CUST2562,48,Male,India,2021-02-01,active,4,7,3.9
CUST2563,41,Female,Pakistan,2022-02-20,cancelled,2,28,3.8
CUST2564,43,Male,Pakistan,2021-05-24,active,1,43,4.6
CUST2565,19,Other,Canada,2022-01-16,active,5,33,3.6
CUST2566,42,Male,India,2022-08-08,cancelled,0,5,4.1
CUST2567,35,Male,India,2021-01-27,cancelled,1,38,4.2
CUST2568,38,Female,India,2021-06-03,active,5,5,4.3
CUST2569,28,Female,India,2022-07-26,active,5,17,3.9
CUST2570,65,Male,India,2022-01-17,paused,2,8,3.9
CUST2571,49,Female,Germany,2021-01-27,paused,2,38,4.0
CUST2572,45,Female,Germany,2022-04-14,active,1,5,4.4
CUST2573,42,Female,Pakistan,2022-09-23,paused,0,29,4.2
CUST2574,64,Male,Pakistan,2021-12-30,active,1,26,4.5
CUST2575,41,Male,Canada,2022-04-23,active,3,12,4.1
CUST2576,49,Female,Canada,2020-09-10,cancelled,3,18,4.1
CUST2577,61,Male,Canada,2022-04-18,active,2,16,4.2
CUST2578,54,Male,Germany,2020-10-09,paused,1,19,4.2
CUST2579,61,Male,Pakistan,2021-03-19,active,4,41,4.0
CUST2580,27,Female,Pakistan,2020-10-10,active,0,3,4.3
CUST2581,57,Female,Germany,2021-02-03,cancelled,0,38,3.6
CUST2582,59,Female,UK,2020-10-09,active,0,14,3.5
CUST2583,61,Male,Canada,2023-01-23,cancelled,5,11,4.3
CUST2584,55,Female,Pakistan,2020-12-27,active,1,40,3.6
CUST2585,24,Male,Germany,2021-12-27,active,4,44,2.9
CUST2586,58,Male,USA,2021-05-07,active,5,31,4.2
CUST2587,24,Female,Germany,2023-02-06,active,0,23,4.4
CUST2588,65,Male,Pakistan,2022-04-12,paused,5,17,4.1
CUST2589,41,Male,Pakistan,2023-07-24,active,4,12,3.8
CUST2590,59,Male,Canada,2021-06-14,active,5,25,3.5
CUST2591,63,Other,Germany,2023-08-06,active,2,32,4.1
CUST2592,26,Other,India,2021-06-30,cancelled,0,8,3.2
CUST2593,34,Female,UK,2022-04-01,paused,1,43,4.4
CUST2594,53,Female,Germany,2022-09-25,active,5,25,3.6
CUST2595,42,Male,Germany,2022-01-18,active,4,35,3.1
CUST2596,58,Male,Canada,2020-11-22,paused,2,12,4.0
CUST2597,61,Female,UK,2021-07-20,paused,5,10,4.1
CUST2598,47,Female,USA,2022-08-13,active,2,22,3.6
CUST2599,33,Male,Germany,2023-01-13,active,4,12,4.0
CUST2600,44,Female,Pakistan,2022-07-25,active,2,30,4.3
CUST2601,58,Female,UK,2022-06-23,cancelled,3,47,4.4
CUST2602,59,Female,India,2020-02-11,cancelled,2,1,4.1
CUST2603,50,Female,India,2023-07-07,active,4,29,4.4
CUST2604,20,Female,Germany,2021-10-16,active,4,24,3.1
CUST2605,60,Male,Germany,2023-08-18,active,5,14,4.3
CUST2606,43,Female,UK,2021-11-20,active,0,38,4.4
CUST2607,62,Male,India,2023-01-06,active,4,30,4.4
CUST2608,64,Female,UK,2022-05-25,active,1,16,4.1
CUST2609,35,Female,USA,2022-04-20,active,4,11,4.1
CUST2610,18,Female,USA,2022-12-12,paused,0,2,4.0
CUST2611,55,Male,Pakistan,2021-04-19,paused,4,20,3.6
CUST2612,54,Female,Germany,2023-05-13,cancelled,1,16,3.9
CUST2613,46,Female,Canada,2023-07-15,active,0,24,3.9
CUST2614,60,Male,Canada,2021-04-18,cancelled,1,43,3.8
CUST2615,65,Male,Germany,2021-10-28,active,4,17,4.1
CUST2616,32,Male,India,2023-07-25,active,0,44,4.1
CUST2617,50,Female,Canada,2022-01-11,active,0,43,4.1
CUST2618,45,Female,UK,2022-05-10,active,1,3,3.8
CUST2619,22,Male,Germany,2021-03-26,cancelled,2,37,4.3
CUST2620,65,Male,India,2021-04-05,active,0,12,4.5
CUST2621,57,Male,USA,2023-08-19,paused,2,34,4.2
CUST2622,66,Male,Pakistan,2021-10-12,active,3,21,3.9
CUST2623,24,Female,India,2022-06-08,active,4,32,3.5
CUST2624,46,Female,Germany,2021-04-05,cancelled,4,42,4.3
CUST2625,50,Male,Germany,2021-12-23,paused,4,47,3.9
CUST2626,46,Male,Pakistan,2021-10-15,cancelled,2,27,3.9
CUST2627,23,Male,UK,2020-04-11,active,4,26,4.0
CUST2628,64,Female,Canada,2022-02-04,active,1,30,4.7
CUST2629,32,Female,Germany,2021-10-18,active,5,45,4.1
CUST2630,36,Male,USA,2023-01-24,cancelled,3,43,3.8
CUST2631,26,Male,Pakistan,2023-05-05,active,2,21,4.1
CUST2632,67,Male,UK,2021-01-14,paused,3,40,4.3
CUST2633,61,Male,Canada,2023-01-29,paused,0,29,4.1
CUST2634,22,Female,Canada,2021-06-24,active,1,48,3.9
CUST2635,62,Male,UK,2022-05-03,active,1,23,3.8
CUST2636,45,Female,Pakistan,2023-03-22,paused,1,49,4.1
CUST2637,59,Male,India,2023-05-20,active,3,30,4.3
CUST2638,42,Male,Germany,2021-11-14,active,5,4,3.9
CUST2639,26,Female,USA,2021-06-15,paused,0,29,2.8
CUST2640,37,Female,India,2023-09-06,active,2,15,4.0
CUST2641,36,Male,Germany,2021-08-21,active,0,46,4.5
CUST2642,60,Female,Germany,2023-06-05,active,5,2,4.6
CUST2643,34,Male,India,2021-09-10,cancelled,1,39,4.1
CUST2644,43,Female,Canada,2022-10-20,active,0,9,4.1
CUST2645,55,Female,India,2022-04-08,cancelled,2,46,3.4
CUST2646,33,Female,UK,2021-01-28,active,5,35,4.6
CUST2647,40,Male,Pakistan,2022-12-07,cancelled,2,6,4.2
CUST2648,47,Female,Germany,2022-12-11,paused,2,35,3.9
CUST2649,54,Male,India,2021-04-30,active,4,29,4.2
CUST2650,36,Female,UK,2023-01-04,paused,0,33,4.2
CUST2651,26,Male,Pakistan,2020-12-17,paused,3,30,4.1
CUST2652,21,Female,India,2021-06-18,active,2,10,4.8
CUST2653,62,Male,Pakistan,2020-06-10,cancelled,5,33,4.4
CUST2654,55,Female,Germany,2021-01-01,paused,5,4,4.3
CUST2655,42,Female,Germany,2021-10-01,cancelled,2,12,4.3
CUST2656,35,Male,Canada,2022-08-28,active,5,13,4.0
CUST2657,69,Other,India,2020-08-20,active,5,34,4.3
CUST2658,42,Male,UK,2021-05-02,active,0,38,4.0
CUST2659,34,Male,India,2021-02-03,active,2,15,4.4
CUST2660,39,Male,Germany,2021-04-28,paused,0,20,4.1
CUST2661,21,Male,USA,2021-04-01,active,1,16,3.6
CUST2662,55,Female,Germany,2022-06-07,active,4,22,2.0
CUST2663,51,Female,Pakistan,2022-11-26,active,5,31,4.0
CUST2664,64,Male,Pakistan,2021-06-08,cancelled,5,19,3.7
CUST2665,64,Male,USA,2021-07-10,paused,3,2,3.8
CUST2666,66,Female,USA,2023-07-07,active,2,8,3.9
CUST2667,32,Female,Canada,2023-10-06,cancelled,4,22,3.1
CUST2668,55,Male,Germany,2021-01-01,active,5,34,3.0
CUST2669,59,Male,USA,2023-07-04,paused,5,36,4.0
CUST2670,24,Female,Pakistan,2021-05-14,active,0,47,4.4
CUST2671,66,Female,Canada,2020-08-28,active,3,37,4.1
CUST2672,48,Female,Germany,2023-08-13,cancelled,4,34,3.6
CUST2673,22,Female,Pakistan,2022-06-07,paused,3,2,4.4
CUST2674,66,Male,UK,2021-11-14,active,5,42,4.2
CUST2675,28,Male,UK,2021-02-10,paused,4,3,4.3
CUST2676,48,Male,Canada,2020-04-11,active,3,25,3.8
CUST2677,35,Female,India,2020-10-15,active,0,43,4.1
CUST2678,27,Female,USA,2021-11-06,active,0,48,4.0
CUST2679,24,Female,Germany,2021-10-20,paused,2,32,4.2
CUST2680,69,Female,Pakistan,2022-12-02,active,0,1,3.6
CUST2681,65,Female,UK,2021-01-06,active,4,34,4.2
CUST2682,65,Female,UK,2023-01-03,active,3,38,4.1
CUST2683,55,Male,USA,2023-05-02,active,4,48,4.2
CUST2684,26,Male,India,2022-12-23,active,3,11,3.9
CUST2685,20,Other,Canada,2021-10-13,active,1,27,4.0
CUST2686,51,Female,Pakistan,2021-03-14,cancelled,0,32,4.2
CUST2687,35,Male,UK,2023-02-24,paused,0,2,4.2
CUST2688,58,Male,USA,2021-05-23,active,2,23,4.1
CUST2689,50,Female,USA,2020-08-27,active,4,38,4.4
CUST2690,42,Female,Canada,2021-03-29,active,0,46,4.1
CUST2691,21,Male,USA,2023-04-05,active,0,33,4.2
CUST2692,46,Male,UK,2023-02-21,cancelled,4,31,4.1
CUST2693,62,Male,UK,2023-07-01,active,3,17,3.9
CUST2694,33,Other,Pakistan,2021-04-18,paused,1,12,3.9
CUST2695,59,Male,UK,2022-02-14,active,0,12,4.2
CUST2696,60,Male,UK,2023-05-13,active,3,49,4.2
CUST2697,21,Male,Pakistan,2023-06-22,active,1,34,3.7
CUST2698,62,Female,Pakistan,2020-09-21,paused,4,41,3.7
CUST2699,52,Male,Pakistan,2023-05-16,active,3,22,3.4
CUST2700,44,Male,Germany,2023-03-26,cancelled,3,13,4.2
CUST2701,65,Female,USA,2020-09-26,active,5,26,4.0
CUST2702,50,Female,Pakistan,2022-12-30,active,4,13,4.1
CUST2703,30,Male,Canada,2020-02-12,cancelled,4,24,3.9
CUST2704,28,Female,India,2022-06-24,cancelled,4,44,4.0
CUST2705,57,Male,Canada,2021-06-29,cancelled,1,23,3.9
CUST2706,40,Male,UK,2021-08-11,cancelled,3,21,4.2
CUST2707,39,Female,USA,2022-11-01,active,5,39,4.3
CUST2708,33,Female,USA,2021-09-27,cancelled,1,10,4.0
CUST2709,40,Male,USA,2023-03-13,paused,1,35,2.6
CUST2710,20,Female,India,2022-03-30,active,0,39,3.8
CUST2711,47,Male,India,2022-02-04,paused,5,34,4.5
CUST2712,53,Male,UK,2023-06-03,active,2,30,3.5
CUST2713,66,Female,India,2021-04-08,active,4,46,3.9
CUST2714,27,Male,USA,2021-10-18,active,4,36,4.0
CUST2715,48,Male,Pakistan,2022-07-16,paused,4,7,4.0
CUST2716,36,Female,India,2021-05-18,cancelled,2,48,3.5
CUST2717,43,Male,Pakistan,2023-01-04,active,4,42,4.0
CUST2718,18,Male,Canada,2022-01-18,cancelled,5,18,3.4
CUST2719,40,Female,Pakistan,2020-05-11,cancelled,1,35,4.2
CUST2720,22,Female,USA,2023-10-01,paused,3,41,3.8
CUST2721,18,Female,UK,2020-09-10,active,2,27,4.1
CUST2722,25,Female,USA,2022-06-14,cancelled,3,2,4.2
CUST2723,18,Female,UK,2022-09-29,active,3,9,4.3
CUST2724,42,Male,USA,2023-06-23,active,4,31,4.2
CUST2725,26,Male,Canada,2021-04-05,cancelled,5,13,4.1
CUST2726,53,Female,Canada,2021-01-24,active,5,23,3.9
CUST2727,49,Other,Germany,2021-04-17,cancelled,1,1,3.3
CUST2728,43,Female,USA,2023-01-23,active,3,36,4.3
CUST2729,18,Other,Pakistan,2022-08-07,active,5,18,3.9
CUST2730,25,Male,USA,2021-02-22,cancelled,2,26,4.3
CUST2731,42,Female,India,2022-04-08,active,3,35,3.6
CUST2732,47,Male,Germany,2022-09-09,active,3,34,3.8
CUST2733,20,Female,Canada,2022-07-27,active,2,36,3.9
CUST2734,41,Female,India,2022-12-12,active,1,19,4.6
CUST2735,65,Male,UK,2022-04-19,active,0,22,3.8
CUST2736,33,Male,Germany,2022-03-04,active,4,40,3.9
CUST2737,69,Female,USA,2022-05-29,active,4,35,4.1
CUST2738,27,Male,Germany,2022-10-31,active,4,40,3.6
CUST2739,36,Male,Pakistan,2023-06-18,cancelled,3,47,4.4
CUST2740,69,Male,India,2023-01-20,active,3,33,4.3
CUST2741,32,Female,USA,2020-08-23,active,4,18,4.7
CUST2742,52,Female,India,2020-08-22,active,1,19,4.3
CUST2743,62,Female,Canada,2021-12-04,active,2,49,3.9
CUST2744,26,Male,Pakistan,2021-11-20,active,5,11,3.9
CUST2745,33,Female,USA,2021-05-14,active,0,16,3.7
CUST2746,53,Female,Canada,2022-10-17,paused,1,35,3.5
CUST2747,56,Female,UK,2022-06-23,cancelled,1,12,4.0
CUST2748,52,Female,UK,2021-03-15,active,2,21,4.1
CUST2749,50,Male,UK,2021-11-28,active,0,25,3.9
CUST2750,34,Female,Canada,2021-12-14,active,1,34,4.4
CUST2751,26,Female,UK,2021-08-21,active,4,4,4.3
CUST2752,59,Female,Canada,2022-02-22,active,5,24,4.5
CUST2753,29,Male,UK,2022-12-14,active,3,12,4.0
CUST2754,41,Male,USA,2022-09-03,paused,4,38,3.9
CUST2755,51,Female,USA,2022-03-08,active,4,25,4.2
CUST2756,56,Male,Pakistan,2023-02-24,active,5,25,4.1
CUST2757,22,Male,Germany,2021-08-25,active,0,32,3.7
CUST2758,61,Female,Canada,2022-11-25,cancelled,4,47,4.1
CUST2759,37,Male,Pakistan,2022-12-17,paused,4,46,4.2
CUST2760,62,Male,USA,2022-04-12,cancelled,1,9,4.3
CUST2761,42,Male,Canada,2021-04-08,cancelled,4,34,3.6
CUST2762,26,Male,Pakistan,2022-03-19,cancelled,1,25,4.1
CUST2763,34,Male,Germany,2023-02-03,cancelled,1,9,4.5
CUST2764,46,Female,India,2022-09-20,active,5,15,4.2
CUST2765,44,Female,India,2023-02-27,active,1,39,4.3
CUST2766,29,Male,USA,2023-07-17,active,1,31,4.0
CUST2767,42,Male,Germany,2023-02-17,paused,2,39,4.2
CUST2768,37,Female,UK,2022-12-19,active,4,36,4.2
CUST2769,46,Other,UK,2021-01-27,paused,0,26,4.5
CUST2770,58,Female,Germany,2022-06-08,cancelled,4,35,3.8
CUST2771,50,Male,Canada,2021-08-29,active,3,33,4.4
CUST2772,44,Male,Canada,2021-07-07,active,2,1,4.1
CUST2773,33,Female,UK,2022-04-15,active,1,16,4.2
CUST2774,58,Male,UK,2022-10-19,active,2,18,4.3
CUST2775,26,Male,Germany,2023-02-26,paused,0,38,4.1
CUST2776,48,Male,USA,2022-02-04,cancelled,4,12,4.2
CUST2777,60,Female,Germany,2021-06-05,active,5,9,4.1
CUST2778,33,Male,Germany,2022-03-02,cancelled,3,37,3.9
CUST2779,35,Male,Pakistan,2021-12-08,active,0,36,3.9
CUST2780,30,Male,India,2022-11-14,active,0,11,3.8
CUST2781,50,Female,India,2023-06-30,cancelled,1,38,4.6
CUST2782,40,Male,India,2021-05-24,active,5,19,3.6
CUST2783,48,Male,UK,2022-11-08,active,3,15,4.1
CUST2784,48,Male,UK,2021-08-18,active,5,40,4.2
CUST2785,64,Male,Canada,2021-06-18,cancelled,1,47,4.3
CUST2786,61,Female,USA,2023-11-07,active,3,19,3.9
CUST2787,29,Male,Canada,2022-11-14,active,4,5,3.9
CUST2788,64,Female,Pakistan,2021-07-26,cancelled,1,8,4.0
CUST2789,22,Male,Canada,2020-09-15,active,1,11,4.4
CUST2790,54,Female,Germany,2022-01-12,active,3,13,4.2
CUST2791,52,Female,Germany,2022-12-22,paused,5,31,4.5
CUST2792,47,Male,Canada,2022-08-08,active,4,44,4.1
CUST2793,63,Male,Canada,2023-04-30,paused,0,16,4.1
CUST2794,25,Female,India,2022-04-25,paused,2,39,4.2
CUST2795,50,Male,India,2022-06-18,cancelled,1,5,4.2
CUST2796,21,Female,Germany,2021-03-13,active,1,35,4.0
CUST2797,68,Female,Germany,2021-08-29,active,4,6,4.3
CUST2798,40,Female,Germany,2023-02-17,active,1,41,3.6
CUST2799,20,Female,Germany,2021-08-09,active,1,11,3.5
CUST2800,20,Female,Germany,2021-11-24,active,2,35,4.3
CUST2801,51,Female,Germany,2022-11-12,active,5,9,3.6
CUST2802,37,Female,Pakistan,2020-08-12,active,4,49,2.9
CUST2803,57,Male,Pakistan,2022-12-08,active,1,27,4.2
CUST2804,40,Male,Germany,2022-08-04,cancelled,5,2,4.4
CUST2805,55,Female,Canada,2022-10-26,active,0,9,4.1
CUST2806,66,Female,UK,2022-03-22,cancelled,5,17,3.8
CUST2807,44,Female,Pakistan,2022-12-08,active,5,7,3.5
CUST2808,25,Female,UK,2020-06-09,active,4,3,4.1
CUST2809,53,Female,USA,2021-08-21,active,3,46,3.2
CUST2810,65,Female,Pakistan,2021-11-02,cancelled,1,20,4.4
CUST2811,44,Male,Germany,2022-05-25,active,3,17,3.6
CUST2812,24,Female,Canada,2021-03-01,cancelled,5,5,3.1
CUST2813,69,Other,UK,2021-12-03,active,0,36,4.0
CUST2814,56,Female,India,2021-07-03,active,3,49,4.1
CUST2815,54,Female,India,2021-11-09,active,2,27,3.6
CUST2816,37,Male,Canada,2021-03-09,active,2,30,4.0
CUST2817,58,Male,UK,2021-12-26,active,0,1,4.3
CUST2818,28,Male,Germany,2020-08-28,active,2,20,4.1
CUST2819,18,Female,UK,2021-09-29,active,5,10,4.2
CUST2820,26,Female,USA,2021-10-04,active,2,21,3.9
CUST2821,21,Male,USA,2020-12-25,active,2,13,4.0
CUST2822,28,Female,USA,2022-12-11,active,5,21,4.2
CUST2823,20,Female,Pakistan,2021-02-27,active,0,47,4.2
CUST2824,53,Other,Pakistan,2021-10-24,active,0,1,4.1
CUST2825,39,Male,USA,2022-06-27,paused,1,48,4.4
CUST2826,45,Male,Pakistan,2020-09-19,cancelled,2,43,4.1
CUST2827,61,Female,Germany,2021-07-19,active,4,27,4.2
CUST2828,51,Female,Canada,2020-08-22,cancelled,5,48,4.1
CUST2829,39,Female,UK,2023-03-15,cancelled,5,29,3.9
CUST2830,66,Male,Germany,2023-10-04,cancelled,5,10,3.9
CUST2831,62,Female,Germany,2022-05-01,cancelled,0,33,4.2
CUST2832,53,Female,Canada,2022-06-15,active,1,32,4.2
CUST2833,32,Male,Pakistan,2023-10-04,active,2,48,3.7
CUST2834,38,Male,India,2022-08-19,paused,0,29,3.7
CUST2835,38,Female,Pakistan,2022-05-05,cancelled,4,34,3.4
CUST2836,64,Male,Germany,2022-03-26,active,1,26,4.2
CUST2837,33,Female,India,2022-12-07,paused,3,48,4.0
CUST2838,23,Male,India,2021-11-04,active,0,42,4.1
CUST2839,45,Male,USA,2023-04-01,cancelled,1,43,3.9
CUST2840,31,Male,USA,2022-09-16,cancelled,3,33,4.0
CUST2841,58,Female,USA,2022-07-02,paused,2,36,3.9
CUST2842,34,Male,Canada,2021-01-07,active,3,7,4.2
CUST2843,26,Male,Pakistan,2022-09-26,active,2,46,4.3
CUST2844,43,Male,India,2021-12-20,active,4,33,4.0
CUST2845,61,Male,Germany,2021-02-09,active,1,14,2.6
CUST2846,19,Male,USA,2022-04-01,active,3,14,3.8
CUST2847,47,Female,Pakistan,2020-08-10,active,4,33,4.5
CUST2848,30,Male,USA,2023-05-22,active,3,28,3.5
CUST2849,43,Male,India,2022-04-25,active,3,5,3.9
CUST2850,28,Female,UK,2021-04-04,cancelled,4,30,4.0
CUST2851,47,Male,Germany,2020-12-09,active,1,36,4.0
CUST2852,60,Male,USA,2022-05-14,cancelled,3,17,3.5
CUST2853,21,Female,Germany,2021-10-16,cancelled,1,28,4.0
CUST2854,61,Male,USA,2021-01-08,active,1,29,3.4
CUST2855,28,Male,UK,2022-12-20,paused,3,4,4.2
CUST2856,65,Other,Germany,2023-02-26,active,0,18,3.8
CUST2857,61,Female,Canada,2023-02-23,active,1,7,4.1
CUST2858,46,Male,USA,2022-12-31,active,1,6,4.2
CUST2859,63,Male,USA,2022-05-30,cancelled,2,40,4.3
CUST2860,35,Other,Pakistan,2023-02-17,active,0,25,4.2
CUST2861,39,Female,USA,2021-08-04,active,5,4,4.1
CUST2862,43,Male,UK,2020-10-18,active,4,8,3.9
CUST2863,58,Male,Germany,2021-08-17,active,4,6,3.3
CUST2864,21,Female,USA,2020-11-23,paused,0,41,4.3
CUST2865,46,Male,Pakistan,2022-07-15,cancelled,5,26,3.9
CUST2866,67,Female,Canada,2022-01-24,active,3,38,4.3
CUST2867,24,Female,Canada,2022-03-17,cancelled,2,40,3.6
CUST2868,28,Female,Canada,2020-09-11,active,0,42,3.8
CUST2869,68,Male,UK,2021-11-08,active,1,14,3.9
CUST2870,26,Female,UK,2023-06-14,cancelled,2,44,4.6
CUST2871,27,Male,Pakistan,2023-09-05,cancelled,1,16,3.8
CUST2872,48,Male,USA,2021-01-10,active,5,40,3.9
CUST2873,37,Male,Germany,2022-03-07,active,3,42,4.1
CUST2874,50,Male,India,2021-05-21,cancelled,0,30,3.6
CUST2875,44,Male,Canada,2020-09-13,active,2,11,4.4
CUST2876,41,Female,Canada,2021-06-18,paused,1,17,4.3
CUST2877,66,Other,Germany,2022-02-27,paused,2,48,4.7
CUST2878,30,Male,UK,2022-01-20,active,5,46,4.3
CUST2879,46,Female,Pakistan,2021-03-16,active,1,21,3.9
CUST2880,51,Male,India,2022-05-26,cancelled,1,43,3.9
CUST2881,53,Male,UK,2021-11-01,active,3,22,3.7
CUST2882,54,Female,USA,2021-09-09,cancelled,4,42,3.5
CUST2883,58,Male,Canada,2022-09-25,active,2,46,4.0
CUST2884,48,Male,USA,2023-04-13,paused,0,9,4.1
CUST2885,59,Female,Germany,2022-09-16,active,0,34,3.9
CUST2886,69,Female,Germany,2022-01-20,active,0,19,4.4
CUST2887,25,Female,India,2022-08-14,cancelled,0,11,4.3
CUST2888,28,Male,India,2020-08-30,cancelled,4,43,4.5
CUST2889,31,Male,India,2021-03-28,paused,4,15,4.0
CUST2890,51,Female,UK,2021-06-23,active,2,4,3.9
CUST2891,22,Female,India,2022-04-30,cancelled,1,36,4.2
CUST2892,34,Male,USA,2022-02-19,active,1,22,4.1
CUST2893,24,Female,India,2021-05-07,active,3,7,3.7
CUST2894,24,Male,USA,2023-01-08,active,5,25,4.1
CUST2895,53,Female,Germany,2020-08-28,active,4,13,4.2
CUST2896,67,Male,India,2021-05-08,paused,1,10,4.3
CUST2897,57,Female,Canada,2022-04-02,active,5,37,3.6
CUST2898,32,Female,Pakistan,2020-05-12,cancelled,5,25,4.1
CUST2899,45,Male,Pakistan,2023-03-16,active,1,2,4.5
CUST2900,52,Female,Pakistan,2021-10-25,active,5,41,4.2
CUST2901,51,Male,Canada,2021-02-26,active,2,30,4.3
CUST2902,21,Male,UK,2021-03-21,active,4,16,4.0
CUST2903,28,Female,UK,2021-09-15,active,4,22,4.2
CUST2904,26,Female,UK,2022-10-18,paused,2,35,4.2
CUST2905,59,Female,Pakistan,2022-08-13,active,4,27,4.5
CUST2906,18,Male,India,2022-11-03,cancelled,3,2,3.8
CUST2907,40,Male,Germany,2023-04-27,active,5,38,4.4
CUST2908,25,Male,India,2020-12-10,cancelled,5,5,4.1
CUST2909,29,Male,USA,2021-06-24,active,5,45,4.2
CUST2910,63,Male,USA,2021-01-29,active,1,22,4.3
CUST2911,44,Female,UK,2021-09-05,cancelled,1,9,4.1
CUST2912,48,Male,Pakistan,2023-11-01,active,0,9,4.2
CUST2913,45,Male,Pakistan,2021-04-02,paused,4,23,4.1
CUST2914,67,Female,India,2023-05-21,active,3,37,3.9
CUST2915,25,Other,Canada,2020-11-26,active,5,15,3.9
CUST2916,39,Male,Germany,2020-04-09,active,3,4,3.8
CUST2917,42,Male,Pakistan,2021-12-08,active,2,15,4.6
CUST2918,49,Male,India,2020-09-24,active,2,25,3.6
CUST2919,22,Female,Canada,2021-06-04,paused,2,34,4.1
CUST2920,64,Female,Pakistan,2021-12-14,cancelled,4,9,4.2
CUST2921,64,Female,Pakistan,2022-11-25,active,3,34,4.3
CUST2922,51,Male,Pakistan,2023-05-24,cancelled,1,26,3.9
CUST2923,44,Female,Germany,2021-05-20,active,0,8,3.9
CUST2924,53,Male,USA,2021-03-11,active,0,44,4.0
CUST2925,33,Female,Pakistan,2020-12-26,paused,4,47,4.4
CUST2926,27,Female,Canada,2023-06-03,active,2,48,4.2
CUST2927,30,Female,USA,2022-12-05,cancelled,2,44,4.5
CUST2928,27,Female,Germany,2022-04-25,cancelled,1,31,4.1
CUST2929,18,Female,USA,2020-11-30,active,5,41,4.1
CUST2930,21,Male,India,2021-01-21,cancelled,0,48,4.2
CUST2931,19,Female,USA,2022-02-06,cancelled,0,12,4.2
CUST2932,49,Female,UK,2021-07-06,cancelled,1,32,4.0
CUST2933,46,Male,Canada,2022-07-13,active,0,8,4.3
CUST2934,58,Female,Germany,2021-11-29,active,5,1,3.6
CUST2935,26,Other,Germany,2022-01-17,active,0,2,3.5
CUST2936,49,Male,USA,2020-09-11,cancelled,0,14,4.3
CUST2937,63,Female,Germany,2022-07-21,active,0,5,3.6
CUST2938,41,Female,UK,2022-01-03,paused,2,48,2.9
CUST2939,50,Male,India,2022-08-20,active,0,11,4.2
CUST2940,46,Male,Pakistan,2021-08-09,active,5,11,4.4
CUST2941,59,Female,USA,2022-02-07,active,4,17,4.1
CUST2942,61,Female,Germany,2023-03-29,active,2,41,3.8
CUST2943,60,Male,Germany,2022-04-25,active,5,32,3.5
CUST2944,35,Male,UK,2023-02-26,cancelled,2,28,4.1
CUST2945,36,Female,Canada,2022-07-14,cancelled,2,28,3.2
CUST2946,64,Female,UK,2021-08-05,active,2,1,4.4
CUST2947,34,Male,Canada,2020-12-24,active,2,44,3.6
CUST2948,67,Male,UK,2020-10-10,active,2,11,3.1
CUST2949,27,Female,Germany,2022-04-27,active,5,5,4.0
CUST2950,19,Male,Germany,2022-10-06,paused,4,49,4.1
CUST2951,21,Male,India,2021-07-04,active,0,5,3.6
CUST2952,61,Female,Pakistan,2022-03-12,active,2,36,4.0
CUST2953,60,Female,UK,2020-12-18,active,0,34,4.3
CUST2954,62,Male,Canada,2023-05-23,cancelled,2,8,4.1
CUST2955,51,Male,India,2023-11-02,active,4,4,4.2
CUST2956,69,Female,Pakistan,2023-10-03,active,4,44,4.3
CUST2957,42,Female,UK,2020-11-11,active,4,32,4.1
CUST2958,54,Male,Germany,2021-07-09,active,4,48,4.2
CUST2959,55,Male,India,2022-03-03,paused,0,19,4.1
CUST2960,67,Male,UK,2023-01-20,cancelled,4,5,3.9
CUST2961,37,Male,Canada,2023-02-02,active,4,2,3.9
CUST2962,21,Male,UK,2021-11-18,paused,4,15,3.8
CUST2963,43,Male,Canada,2022-07-13,paused,4,16,4.6
CUST2964,58,Male,India,2023-01-21,paused,3,6,3.6
CUST2965,31,Female,USA,2022-06-08,active,0,1,4.1
CUST2966,31,Female,Pakistan,2022-11-13,active,4,41,4.2
CUST2967,42,Female,UK,2023-07-13,cancelled,1,16,4.3
CUST2968,57,Male,USA,2022-07-25,paused,5,8,3.9
CUST2969,56,Female,USA,2020-11-13,active,4,21,3.9
CUST2970,33,Male,India,2022-10-08,cancelled,1,23,4.0
CUST2971,43,Male,India,2021-12-18,active,5,18,4.4
CUST2972,41,Male,India,2021-02-09,active,4,38,4.2
CUST2973,46,Male,UK,2023-10-07,active,1,46,4.5
CUST2974,56,Male,Pakistan,2021-04-14,active,1,13,4.1
CUST2975,24,Male,Germany,2022-07-25,active,3,28,4.1
CUST2976,28,Female,UK,2022-08-27,active,0,35,4.2
CUST2977,61,Female,India,2023-02-04,active,3,12,4.2
CUST2978,61,Male,UK,2021-10-30,active,0,46,4.0
CUST2979,25,Male,Pakistan,2020-08-29,cancelled,4,14,4.3
CUST2980,40,Male,UK,2022-03-20,paused,3,28,3.6
CUST2981,56,Male,India,2022-02-28,cancelled,1,10,3.5
CUST2982,26,Female,Pakistan,2022-08-04,active,0,3,4.3
CUST2983,53,Female,USA,2022-07-15,paused,4,9,3.6
CUST2984,23,Female,India,2022-12-03,active,2,28,2.9
CUST2985,52,Female,UK,2022-08-26,cancelled,3,6,4.2
CUST2986,21,Female,USA,2021-01-24,active,1,2,4.4
CUST2987,65,Male,Canada,2020-05-12,active,3,47,4.1
CUST2988,50,Male,Canada,2022-01-20,active,0,38,3.8
CUST2989,36,Female,Germany,2022-03-23,cancelled,2,43,3.5
CUST2990,69,Female,Canada,2023-08-17,paused,4,17,4.1
CUST2991,55,Male,India,2022-07-17,active,4,36,3.2
CUST2992,35,Male,Germany,2021-05-03,active,5,46,4.4
CUST2993,23,Female,Pakistan,2020-11-28,active,3,29,3.6
CUST2994,40,Male,India,2021-07-02,active,4,5,3.1
CUST2995,27,Female,UK,2021-11-07,active,0,25,4.0
CUST2996,59,Male,Canada,2022-11-26,paused,4,12,4.1
CUST2997,41,Male,India,2022-04-20,active,1,38,3.6
CUST2998,20,Male,USA,2021-05-16,active,0,49,4.0
CUST2999,54,Male,India,2023-01-31,cancelled,5,24,4.3
