order_id,customer_id,product_id,order_date,quantity,unit_price,line_total
ORD5000,CUST1000,PROD200,2023-02-21,5,78.21,391.05
ORD5001,CUST1001,PROD201,2021-08-12,8,64.02,512.16
ORD5002,CUST1002,PROD202,2023-04-09,2,604.14,1208.28
ORD5003,CUST1003,PROD203,2024-02-20,4,84.66,338.64
ORD5004,CUST1004,PROD204,2024-09-14,7,62.66,438.62
ORD5005,CUST1005,PROD205,2025-08-13,8,221.61,1772.88
ORD5006,CUST1006,PROD206,2025-07-15,4,175.74,702.96
ORD5007,CUST1007,PROD207,2024-12-31,5,9.56,47.8
ORD5008,CUST1008,PROD208,2024-12-26,1,1525.8,1525.8
ORD5009,CUST1009,PROD209,2024-11-29,4,337.24,1348.96
ORD5010,CUST1010,PROD210,2022-02-08,6,203.05,1218.3
ORD5011,CUST1011,PROD211,2025-12-03,1,940.17,940.17
ORD5012,CUST1012,PROD212,2023-01-16,9,168.79,1519.11
ORD5013,CUST1013,PROD213,2024-09-12,8,236.77,1894.16
ORD5014,CUST1014,PROD214,2025-04-24,6,130.32,781.92
ORD5015,CUST1015,PROD215,2023-11-15,3,333.99,1001.97
ORD5016,CUST1016,PROD216,2025-02-08,1,1875.08,1875.08
ORD5017,CUST1017,PROD217,2024-04-08,6,211.24,1267.44
ORD5018,CUST1018,PROD218,2025-09-01,1,1702.39,1702.39
ORD5019,CUST1019,PROD219,2025-08-13,8,199.58,1596.64
ORD5020,CUST1020,PROD220,2024-01-23,6,242.03,1452.18
ORD5021,CUST1021,PROD221,2022-06-20,7,50.78,355.46
ORD5022,CUST1022,PROD222,2022-05-08,6,89.87,539.22
ORD5023,CUST1023,PROD223,2025-11-06,8,52.34,418.72
ORD5024,CUST1024,PROD224,2023-01-29,3,232.67,698.01
ORD5025,CUST1025,PROD225,2022-09-06,5,142.89,714.45
ORD5026,CUST1026,PROD226,2025-05-05,7,44.69,312.83
ORD5027,CUST1027,PROD227,2022-02-25,7,139.3,975.1
ORD5028,CUST1028,PROD228,2025-03-04,8,149.65,1197.2
ORD5029,CUST1029,PROD229,2024-03-22,6,157.1,942.6
ORD5030,CUST1030,PROD230,2021-01-06,9,182.53,1642.77
ORD5031,CUST1031,PROD231,2023-07-22,1,31.95,31.95
ORD5032,CUST1032,PROD232,2021-07-27,2,804.77,1609.54
ORD5033,CUST1033,PROD233,2022-09-25,5,332.38,1661.9
ORD5034,CUST1034,PROD234,2025-04-22,1,1292.65,1292.65
ORD5035,CUST1035,PROD235,2023-11-23,7,36.39,254.73
ORD5036,CUST1036,PROD236,2024-01-14,7,79.19,554.33
ORD5037,CUST1037,PROD237,2023-05-16,4,94.06,376.24
ORD5038,CUST1038,PROD238,2023-06-29,2,786.48,1572.96
ORD5039,CUST1039,PROD239,2024-12-13,6,20.55,123.3
ORD5040,CUST1040,PROD240,2025-06-08,5,203.23,1016.15
ORD5041,CUST1041,PROD241,2025-03-28,7,65.07,455.49
ORD5042,CUST1042,PROD242,2025-03-15,1,1954.64,1954.64
ORD5043,CUST1043,PROD243,2024-05-28,7,18.98,132.86
ORD5044,CUST1044,PROD244,2023-11-12,3,654.56,1963.68
ORD5045,CUST1045,PROD245,2022-05-22,5,334.17,1670.85
ORD5046,CUST1046,PROD246,2025-01-14,5,219.75,1098.75
ORD5047,CUST1047,PROD247,2022-09-07,7,223.05,1561.35
ORD5048,CUST1048,PROD248,2025-04-18,4,149.88,599.52
ORD5049,CUST1049,PROD249,2025-04-01,9,165.27,1487.43
ORD5050,CUST1050,PROD250,2024-08-15,8,222.62,1780.96
ORD5051,CUST1051,PROD251,2023-07-13,2,45.17,90.34
ORD5052,CUST1052,PROD252,2025-05-28,8,136.95,1095.6
ORD5053,CUST1053,PROD253,2021-08-16,3,323.04,969.12
ORD5054,CUST1054,PROD254,2024-04-26,3,104.0,312.0
ORD5055,CUST1055,PROD255,2022-04-08,3,251.6,754.8
ORD5056,CUST1056,PROD256,2023-12-28,2,472.04,944.08
ORD5057,CUST1057,PROD257,2025-11-02,8,21.85,174.8
ORD5058,CUST1058,PROD258,2023-05-18,5,295.22,1476.1
ORD5059,CUST1059,PROD259,2023-02-09,5,362.26,1811.3
ORD5060,CUST1060,PROD260,2021-09-21,6,286.73,1720.38
ORD5061,CUST1061,PROD261,2024-10-01,9,34.68,312.12
ORD5062,CUST1062,PROD262,2024-02-02,4,370.97,1483.88
ORD5063,CUST1063,PROD263,2022-10-03,2,841.95,1683.9
ORD5064,CUST1064,PROD264,2023-03-02,1,1795.65,1795.65
ORD5065,CUST1065,PROD265,2025-12-06,3,459.56,1378.68
ORD5066,CUST1066,PROD266,2024-10-04,5,193.86,969.3
ORD5067,CUST1067,PROD267,2024-10-30,3,180.63,541.89
ORD5068,CUST1068,PROD268,2024-11-09,1,1217.67,1217.67
ORD5069,CUST1069,PROD269,2025-06-29,6,262.1,1572.6
ORD5070,CUST1070,PROD270,2024-12-18,3,466.13,1398.39
ORD5071,CUST1071,PROD271,2024-01-03,3,365.16,1095.48
ORD5072,CUST1072,PROD272,2021-01-04,5,24.08,120.4
ORD5073,CUST1073,PROD273,2022-10-20,5,167.47,837.35
ORD5074,CUST1074,PROD274,2025-05-21,6,44.36,266.16
ORD5075,CUST1075,PROD275,2024-02-20,5,157.7,788.5
ORD5076,CUST1076,PROD276,2022-06-08,6,244.5,1467.0
ORD5077,CUST1077,PROD277,2024-08-12,1,1519.11,1519.11
ORD5078,CUST1078,PROD278,2023-12-29,8,160.26,1282.08
ORD5079,CUST1079,PROD279,2025-05-21,7,154.0,1078.0
ORD5080,CUST1080,PROD280,2023-10-10,7,119.16,834.12
ORD5081,CUST1081,PROD281,2023-12-18,5,68.21,341.05
ORD5082,CUST1082,PROD282,2022-02-20,7,112.63,788.41
ORD5083,CUST1083,PROD283,2023-08-11,6,269.36,1616.16
ORD5084,CUST1084,PROD284,2025-04-26,1,1032.49,1032.49
ORD5085,CUST1085,PROD285,2023-11-27,2,253.07,506.14
ORD5086,CUST1086,PROD286,2024-06-21,8,189.41,1515.28
ORD5087,CUST1087,PROD287,2023-06-20,1,1495.51,1495.51
ORD5088,CUST1088,PROD288,2022-08-11,2,384.7,769.4
ORD5089,CUST1089,PROD289,2023-07-09,6,256.4,1538.4
ORD5090,CUST1090,PROD290,2023-08-08,4,289.7,1158.8
ORD5091,CUST1091,PROD291,2023-06-26,5,27.0,135.0
ORD5092,CUST1092,PROD292,2022-05-22,3,279.83,839.49
ORD5093,CUST1093,PROD293,2024-06-28,5,290.29,1451.45
ORD5094,CUST1094,PROD294,2024-12-25,6,259.26,1555.56
ORD5095,CUST1095,PROD295,2024-11-11,5,159.25,796.25
ORD5096,CUST1096,PROD296,2021-10-19,3,62.41,187.23
ORD5097,CUST1097,PROD297,2022-11-21,5,107.73,538.65
ORD5098,CUST1098,PROD298,2022-07-08,2,556.57,1113.14
ORD5099,CUST1099,PROD299,2022-04-15,1,990.57,990.57
ORD5100,CUST1100,PROD300,2024-01-20,6,140.71,844.26
ORD5101,CUST1101,PROD301,2024-09-20,9,38.59,347.31
ORD5102,CUST1102,PROD302,2024-08-07,8,196.79,1574.32
ORD5103,CUST1103,PROD303,2025-06-04,5,84.34,421.7
ORD5104,CUST1104,PROD304,2023-10-17,1,760.96,760.96
ORD5105,CUST1105,PROD305,2024-10-11,2,716.3,1432.6
ORD5106,CUST1106,PROD306,2025-02-21,5,396.36,1981.8
ORD5107,CUST1107,PROD307,2022-08-03,2,805.84,1611.68
ORD5108,CUST1108,PROD308,2024-11-11,4,107.67,430.68
ORD5109,CUST1109,PROD309,2024-05-04,6,233.34,1400.04
ORD5110,CUST1110,PROD310,2023-08-21,3,353.8,1061.4
ORD5111,CUST1111,PROD311,2023-12-26,8,221.28,1770.24
ORD5112,CUST1112,PROD312,2023-05-10,8,247.78,1982.24
ORD5113,CUST1113,PROD313,2025-07-03,1,1810.76,1810.76
ORD5114,CUST1114,PROD314,2023-05-27,6,164.62,987.72
ORD5115,CUST1115,PROD315,2022-01-10,5,57.48,287.4
ORD5116,CUST1116,PROD316,2024-09-28,3,431.26,1293.78
ORD5117,CUST1117,PROD317,2021-09-06,8,205.69,1645.52
ORD5118,CUST1118,PROD318,2024-09-17,1,338.72,338.72
ORD5119,CUST1119,PROD319,2024-06-28,9,174.49,1570.41
ORD5120,CUST1120,PROD320,2022-06-08,6,102.01,612.06
ORD5121,CUST1121,PROD321,2024-04-27,5,389.99,1949.95
ORD5122,CUST1122,PROD322,2024-12-19,6,21.57,129.42
ORD5123,CUST1123,PROD323,2024-09-24,2,649.18,1298.36
ORD5124,CUST1124,PROD324,2025-04-23,2,964.88,1929.76
ORD5125,CUST1125,PROD325,2024-08-02,8,201.06,1608.48
ORD5126,CUST1126,PROD326,2024-10-18,1,178.81,178.81
ORD5127,CUST1127,PROD327,2023-02-27,5,167.69,838.45
ORD5128,CUST1128,PROD328,2022-12-10,6,19.56,117.36
ORD5129,CUST1129,PROD329,2024-10-01,3,170.27,510.81
ORD5130,CUST1130,PROD330,2024-07-08,2,968.05,1936.1
ORD5131,CUST1131,PROD331,2025-01-25,6,184.34,1106.04
ORD5132,CUST1132,PROD332,2023-12-06,4,332.14,1328.56
ORD5133,CUST1133,PROD333,2022-04-11,5,42.65,213.25
ORD5134,CUST1134,PROD334,2024-11-18,9,21.3,191.7
ORD5135,CUST1135,PROD335,2024-05-17,7,111.78,782.46
ORD5136,CUST1136,PROD336,2022-08-07,7,103.26,722.82
ORD5137,CUST1137,PROD337,2024-11-07,9,5.48,49.32
ORD5138,CUST1138,PROD338,2023-09-05,5,151.96,759.8
ORD5139,CUST1139,PROD339,2023-07-19,9,152.78,1375.02
ORD5140,CUST1140,PROD340,2024-02-25,7,179.86,1259.02
ORD5141,CUST1141,PROD341,2024-03-11,8,218.72,1749.76
ORD5142,CUST1142,PROD342,2025-03-28,4,177.72,710.88
ORD5143,CUST1143,PROD343,2025-04-26,4,224.37,897.48
ORD5144,CUST1144,PROD344,2024-06-26,7,283.6,1985.2
ORD5145,CUST1145,PROD345,2024-05-09,9,167.0,1503.0
ORD5146,CUST1146,PROD346,2023-10-30,6,121.06,726.36
ORD5147,CUST1147,PROD347,2025-02-28,3,433.59,1300.77
ORD5148,CUST1148,PROD348,2024-07-25,5,230.28,1151.4
ORD5149,CUST1149,PROD349,2024-05-02,6,8.24,49.44
ORD5150,CUST1150,PROD350,2022-07-10,3,634.46,1903.38
ORD5151,CUST1151,PROD351,2022-01-05,8,156.77,1254.16
ORD5152,CUST1152,PROD352,2023-01-18,7,172.17,1205.19
ORD5153,CUST1153,PROD353,2024-08-07,1,1308.29,1308.29
ORD5154,CUST1154,PROD354,2024-12-20,2,773.0,1546.0
ORD5155,CUST1155,PROD355,2025-01-30,1,37.35,37.35
ORD5156,CUST1156,PROD356,2024-12-08,2,210.51,421.02
ORD5157,CUST1157,PROD357,2024-07-02,7,184.94,1294.58
ORD5158,CUST1158,PROD358,2021-10-14,5,34.88,174.4
ORD5159,CUST1159,PROD359,2024-09-08,9,23.82,214.38
ORD5160,CUST1160,PROD360,2022-02-11,6,241.3,1447.8
ORD5161,CUST1161,PROD361,2022-08-13,3,292.25,876.75
ORD5162,CUST1162,PROD362,2023-09-30,6,139.58,837.48
ORD5163,CUST1163,PROD363,2024-12-21,4,400.08,1600.32
ORD5164,CUST1164,PROD364,2023-03-14,2,901.2,1802.4
ORD5165,CUST1165,PROD365,2024-10-08,3,597.67,1793.01
ORD5166,CUST1166,PROD366,2024-11-23,3,77.76,233.28
ORD5167,CUST1167,PROD367,2023-06-13,6,15.8,94.8
ORD5168,CUST1168,PROD368,2023-04-01,5,151.98,759.9
ORD5169,CUST1169,PROD369,2022-10-28,6,35.32,211.92
ORD5170,CUST1170,PROD370,2024-01-05,9,161.03,1449.27
ORD5171,CUST1171,PROD371,2024-12-06,2,621.17,1242.34
ORD5172,CUST1172,PROD372,2023-04-15,5,261.65,1308.25
ORD5173,CUST1173,PROD373,2024-02-12,5,332.86,1664.3
ORD5174,CUST1174,PROD374,2024-11-15,3,68.45,205.35
ORD5175,CUST1175,PROD375,2024-02-19,4,274.96,1099.84
ORD5176,CUST1176,PROD376,2024-07-13,2,859.4,1718.8
ORD5177,CUST1177,PROD377,2022-04-11,9,103.64,932.76
ORD5178,CUST1178,PROD378,2022-07-19,2,993.48,1986.96
ORD5179,CUST1179,PROD379,2021-06-10,2,348.34,696.68
ORD5180,CUST1180,PROD380,2024-01-05,6,18.7,112.2
ORD5181,CUST1181,PROD381,2024-04-17,1,1543.22,1543.22
ORD5182,CUST1182,PROD382,2025-07-28,8,183.2,1465.6
ORD5183,CUST1183,PROD383,2022-10-14,8,215.88,1727.04
ORD5184,CUST1184,PROD384,2025-07-03,1,1071.13,1071.13
ORD5185,CUST1185,PROD385,2025-02-17,9,22.07,198.63
ORD5186,CUST1186,PROD386,2025-12-07,4,200.21,800.84
ORD5187,CUST1187,PROD387,2025-03-24,2,678.67,1357.34
ORD5188,CUST1188,PROD388,2024-10-10,2,689.37,1378.74
ORD5189,CUST1189,PROD389,2023-02-26,6,180.98,1085.88
ORD5190,CUST1190,PROD390,2023-02-01,5,148.34,741.7
ORD5191,CUST1191,PROD391,2022-10-25,7,127.83,894.81
ORD5192,CUST1192,PROD392,2024-02-14,8,187.02,1496.16
ORD5193,CUST1193,PROD393,2023-02-06,7,175.71,1229.97
ORD5194,CUST1194,PROD394,2022-02-18,9,39.74,357.66
ORD5195,CUST1195,PROD395,2024-08-21,6,199.73,1198.38
ORD5196,CUST1196,PROD396,2022-12-19,9,30.76,276.84
ORD5197,CUST1197,PROD397,2023-03-03,4,429.25,1717.0
ORD5198,CUST1198,PROD398,2024-06-03,9,122.72,1104.48
ORD5199,CUST1199,PROD399,2023-03-29,3,504.16,1512.48
ORD5200,CUST1200,PROD400,2023-09-19,4,483.12,1932.48
ORD5201,CUST1201,PROD401,2025-02-06,6,138.92,833.52
ORD5202,CUST1202,PROD402,2022-12-27,6,299.78,1798.68
ORD5203,CUST1203,PROD403,2023-03-15,6,296.68,1780.08
ORD5204,CUST1204,PROD404,2023-10-25,2,63.16,126.32
ORD5205,CUST1205,PROD405,2025-04-22,1,1484.8,1484.8
ORD5206,CUST1206,PROD406,2023-11-12,6,263.02,1578.12
ORD5207,CUST1207,PROD407,2023-03-12,1,1212.26,1212.26
ORD5208,CUST1208,PROD408,2023-08-17,1,1790.4,1790.4
ORD5209,CUST1209,PROD409,2024-09-14,2,582.62,1165.24
ORD5210,CUST1210,PROD410,2023-02-14,2,181.32,362.64
ORD5211,CUST1211,PROD411,2023-02-18,9,174.87,1573.83
ORD5212,CUST1212,PROD412,2024-11-02,3,462.9,1388.7
ORD5213,CUST1213,PROD413,2024-07-26,3,490.01,1470.03
ORD5214,CUST1214,PROD414,2023-12-14,1,1068.34,1068.34
ORD5215,CUST1215,PROD415,2023-05-19,8,151.03,1208.24
ORD5216,CUST1216,PROD416,2022-12-24,8,152.35,1218.8
ORD5217,CUST1217,PROD417,2023-04-12,7,277.17,1940.19
ORD5218,CUST1218,PROD418,2025-02-28,1,90.95,90.95
ORD5219,CUST1219,PROD419,2023-12-29,2,813.9,1627.8
ORD5220,CUST1220,PROD420,2023-12-07,3,262.87,788.61
ORD5221,CUST1221,PROD421,2025-05-16,8,173.2,1385.6
ORD5222,CUST1222,PROD422,2024-05-31,5,398.18,1990.9
ORD5223,CUST1223,PROD423,2024-10-20,8,211.82,1694.56
ORD5224,CUST1224,PROD424,2024-09-11,6,255.77,1534.62
ORD5225,CUST1225,PROD425,2024-02-09,8,63.52,508.16
ORD5226,CUST1226,PROD426,2022-12-09,5,317.31,1586.55
ORD5227,CUST1227,PROD427,2025-05-26,2,436.16,872.32
ORD5228,CUST1228,PROD428,2023-02-19,4,366.64,1466.56
ORD5229,CUST1229,PROD429,2025-01-15,4,347.76,1391.04
ORD5230,CUST1230,PROD430,2023-05-26,8,220.93,1767.44
ORD5231,CUST1231,PROD431,2025-01-06,1,1331.03,1331.03
ORD5232,CUST1232,PROD432,2023-06-10,5,134.4,672.0
ORD5233,CUST1233,PROD433,2024-02-06,9,133.25,1199.25
ORD5234,CUST1234,PROD434,2025-05-01,9,210.26,1892.34
ORD5235,CUST1235,PROD435,2022-10-31,8,80.21,641.68
ORD5236,CUST1236,PROD436,2022-07-16,4,133.84,535.36
ORD5237,CUST1237,PROD437,2023-07-10,4,286.69,1146.76
ORD5238,CUST1238,PROD438,2023-01-26,8,55.18,441.44
ORD5239,CUST1239,PROD439,2025-02-26,7,25.75,180.25
ORD5240,CUST1240,PROD440,2023-09-04,6,7.42,44.52
ORD5241,CUST1241,PROD441,2022-01-23,4,430.28,1721.12
ORD5242,CUST1242,PROD442,2025-03-05,3,307.95,923.85
ORD5243,CUST1243,PROD443,2022-12-07,1,235.7,235.7
ORD5244,CUST1244,PROD444,2024-03-28,8,174.95,1399.6
ORD5245,CUST1245,PROD445,2021-07-23,4,232.39,929.56
ORD5246,CUST1246,PROD446,2024-03-16,4,266.75,1067.0
ORD5247,CUST1247,PROD447,2025-03-23,2,32.82,65.64
ORD5248,CUST1248,PROD448,2021-11-21,3,597.36,1792.08
ORD5249,CUST1249,PROD449,2024-07-12,8,147.45,1179.6
ORD5250,CUST1250,PROD450,2024-11-16,7,91.92,643.44
ORD5251,CUST1251,PROD451,2024-08-11,6,89.68,538.08
ORD5252,CUST1252,PROD452,2024-04-17,5,269.62,1348.1
ORD5253,CUST1253,PROD453,2021-11-05,1,214.01,214.01
ORD5254,CUST1254,PROD454,2025-03-28,2,368.2,736.4
ORD5255,CUST1255,PROD455,2023-12-18,2,560.24,1120.48
ORD5256,CUST1256,PROD456,2024-10-09,1,262.89,262.89
ORD5257,CUST1257,PROD457,2025-01-24,8,113.52,908.16
ORD5258,CUST1258,PROD458,2025-04-20,7,78.71,550.97
ORD5259,CUST1259,PROD459,2025-04-17,3,283.52,850.56
ORD5260,CUST1260,PROD460,2023-06-08,9,174.45,1570.05
ORD5261,CUST1261,PROD461,2025-01-08,6,165.34,992.04
ORD5262,CUST1262,PROD462,2023-09-29,4,274.67,1098.68
ORD5263,CUST1263,PROD463,2023-05-03,5,73.91,369.55
ORD5264,CUST1264,PROD464,2024-05-30,2,330.52,661.04
ORD5265,CUST1265,PROD465,2024-11-18,1,1865.18,1865.18
ORD5266,CUST1266,PROD466,2024-07-03,1,1624.53,1624.53
ORD5267,CUST1267,PROD467,2024-01-19,3,222.38,667.14
ORD5268,CUST1268,PROD468,2025-02-03,8,190.6,1524.8
ORD5269,CUST1269,PROD469,2022-09-19,4,157.4,629.6
ORD5270,CUST1270,PROD470,2022-11-14,7,97.56,682.92
ORD5271,CUST1271,PROD471,2025-05-03,8,43.76,350.08
ORD5272,CUST1272,PROD472,2023-03-27,8,238.3,1906.4
ORD5273,CUST1273,PROD473,2023-06-03,6,247.28,1483.68
ORD5274,CUST1274,PROD474,2022-02-18,3,341.04,1023.12
ORD5275,CUST1275,PROD475,2022-04-21,2,730.44,1460.88
ORD5276,CUST1276,PROD476,2024-08-22,8,14.55,116.4
ORD5277,CUST1277,PROD477,2024-05-18,6,224.89,1349.34
ORD5278,CUST1278,PROD478,2025-04-18,7,244.49,1711.43
ORD5279,CUST1279,PROD479,2023-09-09,2,284.09,568.18
ORD5280,CUST1280,PROD480,2023-05-06,4,239.57,958.28
ORD5281,CUST1281,PROD481,2021-03-08,3,102.62,307.86
ORD5282,CUST1282,PROD482,2025-09-08,8,26.61,212.88
ORD5283,CUST1283,PROD483,2021-10-23,5,281.71,1408.55
ORD5284,CUST1284,PROD484,2025-10-08,3,498.41,1495.23
ORD5285,CUST1285,PROD485,2023-05-29,7,150.77,1055.39
ORD5286,CUST1286,PROD486,2024-07-01,7,112.52,787.64
ORD5287,CUST1287,PROD487,2025-07-29,9,194.81,1753.29
ORD5288,CUST1288,PROD488,2024-07-04,5,209.41,1047.05
ORD5289,CUST1289,PROD489,2021-12-23,2,494.41,988.82
ORD5290,CUST1290,PROD490,2025-05-04,5,187.03,935.15
ORD5291,CUST1291,PROD491,2023-07-28,4,314.88,1259.52
ORD5292,CUST1292,PROD492,2021-12-16,5,233.87,1169.35
ORD5293,CUST1293,PROD493,2023-01-16,6,171.07,1026.42
ORD5294,CUST1294,PROD494,2021-08-09,5,155.44,777.2
ORD5295,CUST1295,PROD495,2025-06-05,2,789.5,1579.0
ORD5296,CUST1296,PROD496,2025-09-06,8,232.75,1862.0
ORD5297,CUST1297,PROD497,2024-08-21,1,1786.22,1786.22
ORD5298,CUST1298,PROD498,2023-12-05,8,216.99,1735.92
ORD5299,CUST1299,PROD499,2023-12-31,9,10.88,97.92
ORD5300,CUST1300,PROD500,2024-02-11,1,1226.18,1226.18
ORD5301,CUST1301,PROD501,2024-03-26,4,460.02,1840.08
ORD5302,CUST1302,PROD502,2023-08-28,7,217.3,1521.1
ORD5303,CUST1303,PROD503,2024-06-28,5,120.62,603.1
ORD5304,CUST1304,PROD504,2023-08-06,4,90.23,360.92
ORD5305,CUST1305,PROD505,2022-10-30,2,737.62,1475.24
ORD5306,CUST1306,PROD506,2023-04-29,2,658.94,1317.88
ORD5307,CUST1307,PROD507,2022-05-06,3,121.19,363.57
ORD5308,CUST1308,PROD508,2021-12-14,3,583.41,1750.23
ORD5309,CUST1309,PROD509,2024-10-26,6,242.39,1454.34
ORD5310,CUST1310,PROD510,2023-01-22,7,84.73,593.11
ORD5311,CUST1311,PROD511,2021-08-28,4,399.32,1597.28
ORD5312,CUST1312,PROD512,2024-10-27,7,96.56,675.92
ORD5313,CUST1313,PROD513,2023-10-29,6,211.81,1270.86
ORD5314,CUST1314,PROD514,2025-03-02,5,227.67,1138.35
ORD5315,CUST1315,PROD515,2024-08-28,3,65.36,196.08
ORD5316,CUST1316,PROD516,2023-10-23,6,51.02,306.12
ORD5317,CUST1317,PROD517,2023-09-16,2,462.3,924.6
ORD5318,CUST1318,PROD518,2023-09-12,9,126.46,1138.14
ORD5319,CUST1319,PROD519,2024-07-22,5,65.2,326.0
ORD5320,CUST1320,PROD520,2023-09-24,4,116.64,466.56
ORD5321,CUST1321,PROD521,2024-05-10,6,140.63,843.78
ORD5322,CUST1322,PROD522,2022-04-12,4,152.53,610.12
ORD5323,CUST1323,PROD523,2024-08-19,7,285.44,1998.08
ORD5324,CUST1324,PROD524,2023-08-20,3,136.3,408.9
ORD5325,CUST1325,PROD525,2024-01-10,2,556.7,1113.4
ORD5326,CUST1326,PROD526,2024-10-26,6,231.25,1387.5
ORD5327,CUST1327,PROD527,2022-07-18,6,105.05,630.3
ORD5328,CUST1328,PROD528,2022-08-30,5,11.73,58.65
ORD5329,CUST1329,PROD529,2022-05-19,8,230.61,1844.88
ORD5330,CUST1330,PROD530,2023-08-04,8,188.23,1505.84
ORD5331,CUST1331,PROD531,2023-11-16,6,28.65,171.9
ORD5332,CUST1332,PROD532,2024-08-12,8,175.42,1403.36
ORD5333,CUST1333,PROD533,2025-02-19,8,180.09,1440.72
ORD5334,CUST1334,PROD534,2024-11-20,7,284.73,1993.11
ORD5335,CUST1335,PROD535,2022-05-15,3,231.43,694.29
ORD5336,CUST1336,PROD536,2025-08-01,7,137.29,961.03
ORD5337,CUST1337,PROD537,2024-04-12,7,210.01,1470.07
ORD5338,CUST1338,PROD538,2024-05-15,4,348.76,1395.04
ORD5339,CUST1339,PROD539,2023-10-11,4,219.21,876.84
ORD5340,CUST1340,PROD540,2025-03-27,7,104.03,728.21
ORD5341,CUST1341,PROD541,2022-05-30,5,360.74,1803.7
ORD5342,CUST1342,PROD542,2022-02-16,8,208.01,1664.08
ORD5343,CUST1343,PROD543,2023-07-30,5,235.36,1176.8
ORD5344,CUST1344,PROD544,2025-06-23,7,6.45,45.15
ORD5345,CUST1345,PROD545,2022-09-12,2,205.55,411.1
ORD5346,CUST1346,PROD546,2022-05-12,1,224.15,224.15
ORD5347,CUST1347,PROD547,2024-02-01,2,115.98,231.96
ORD5348,CUST1348,PROD548,2023-08-19,1,26.33,26.33
ORD5349,CUST1349,PROD549,2024-11-25,6,172.3,1033.8
ORD5350,CUST1350,PROD550,2024-01-22,5,374.37,1871.85
ORD5351,CUST1351,PROD551,2022-02-17,6,296.71,1780.26
ORD5352,CUST1352,PROD552,2025-08-14,3,575.92,1727.76
ORD5353,CUST1353,PROD553,2022-09-09,7,214.73,1503.11
ORD5354,CUST1354,PROD554,2024-10-07,3,416.03,1248.09
ORD5355,CUST1355,PROD555,2022-11-28,6,219.47,1316.82
ORD5356,CUST1356,PROD556,2025-11-03,7,34.42,240.94
ORD5357,CUST1357,PROD557,2023-02-15,9,128.99,1160.91
ORD5358,CUST1358,PROD558,2023-02-14,8,148.19,1185.52
ORD5359,CUST1359,PROD559,2025-05-28,5,343.33,1716.65
ORD5360,CUST1360,PROD560,2024-07-31,4,146.28,585.12
ORD5361,CUST1361,PROD561,2022-10-30,9,165.06,1485.54
ORD5362,CUST1362,PROD562,2021-10-24,8,222.3,1778.4
ORD5363,CUST1363,PROD563,2023-10-21,3,662.89,1988.67
ORD5364,CUST1364,PROD564,2021-01-29,9,134.18,1207.62
ORD5365,CUST1365,PROD565,2022-10-15,4,57.06,228.24
ORD5366,CUST1366,PROD566,2023-10-20,2,668.04,1336.08
ORD5367,CUST1367,PROD567,2024-07-23,4,348.12,1392.48
ORD5368,CUST1368,PROD568,2025-06-27,7,76.13,532.91
ORD5369,CUST1369,PROD569,2023-04-18,7,89.75,628.25
ORD5370,CUST1370,PROD570,2024-09-23,5,390.53,1952.65
ORD5371,CUST1371,PROD571,2025-06-20,2,725.84,1451.68
ORD5372,CUST1372,PROD572,2024-02-12,3,604.52,1813.56
ORD5373,CUST1373,PROD573,2024-04-23,6,316.46,1898.76
ORD5374,CUST1374,PROD574,2023-11-16,6,75.21,451.26
ORD5375,CUST1375,PROD575,2023-01-09,4,399.54,1598.16
ORD5376,CUST1376,PROD576,2024-07-02,7,12.03,84.21
ORD5377,CUST1377,PROD577,2024-08-10,4,54.72,218.88
ORD5378,CUST1378,PROD578,2024-03-12,5,122.74,613.7
ORD5379,CUST1379,PROD579,2023-01-03,6,23.7,142.2
ORD5380,CUST1380,PROD580,2023-08-10,3,181.5,544.5
ORD5381,CUST1381,PROD581,2025-07-28,2,195.6,391.2
ORD5382,CUST1382,PROD582,2025-05-15,9,107.92,971.28
ORD5383,CUST1383,PROD583,2024-07-25,3,577.66,1732.98
ORD5384,CUST1384,PROD584,2024-09-05,7,81.15,568.05
ORD5385,CUST1385,PROD585,2024-04-03,8,68.54,548.32
ORD5386,CUST1386,PROD586,2023-03-03,8,193.43,1547.44
ORD5387,CUST1387,PROD587,2022-05-15,6,276.7,1660.2
ORD5388,CUST1388,PROD588,2022-03-30,2,51.83,103.66
ORD5389,CUST1389,PROD589,2021-03-31,8,133.73,1069.84
ORD5390,CUST1390,PROD590,2025-05-06,4,52.44,209.76
ORD5391,CUST1391,PROD591,2024-05-01,1,1499.71,1499.71
ORD5392,CUST1392,PROD592,2024-04-26,3,562.84,1688.52
ORD5393,CUST1393,PROD593,2021-04-19,1,1366.86,1366.86
ORD5394,CUST1394,PROD594,2022-05-28,6,290.28,1741.68
ORD5395,CUST1395,PROD595,2023-07-31,9,134.53,1210.77
ORD5396,CUST1396,PROD596,2021-11-24,2,434.16,868.32
ORD5397,CUST1397,PROD597,2022-09-24,7,44.89,314.23
ORD5398,CUST1398,PROD598,2025-03-25,7,158.19,1107.33
ORD5399,CUST1399,PROD599,2024-01-23,7,130.46,913.22
ORD5400,CUST1400,PROD600,2024-08-14,4,90.5,362.0
ORD5401,CUST1401,PROD601,2024-02-22,3,132.55,397.65
ORD5402,CUST1402,PROD602,2023-07-08,2,315.0,630.0
ORD5403,CUST1403,PROD603,2022-12-11,6,19.5,117.0
ORD5404,CUST1404,PROD604,2023-09-19,7,74.49,521.43
ORD5405,CUST1405,PROD605,2024-06-26,3,539.41,1618.23
ORD5406,CUST1406,PROD606,2025-04-03,7,101.02,707.14
ORD5407,CUST1407,PROD607,2023-08-23,1,1263.8,1263.8
ORD5408,CUST1408,PROD608,2024-07-26,3,643.24,1929.72
ORD5409,CUST1409,PROD609,2025-07-02,8,217.29,1738.32
ORD5410,CUST1410,PROD610,2022-01-10,8,94.79,758.32
ORD5411,CUST1411,PROD611,2025-12-08,5,305.8,1529.0
ORD5412,CUST1412,PROD612,2025-07-08,4,41.08,164.32
ORD5413,CUST1413,PROD613,2024-04-11,8,155.84,1246.72
ORD5414,CUST1414,PROD614,2024-10-25,3,410.16,1230.48
ORD5415,CUST1415,PROD615,2024-11-06,3,350.48,1051.44
ORD5416,CUST1416,PROD616,2024-10-01,8,216.64,1733.12
ORD5417,CUST1417,PROD617,2025-09-07,6,75.2,451.2
ORD5418,CUST1418,PROD618,2025-08-07,7,17.09,119.63
ORD5419,CUST1419,PROD619,2023-12-17,9,4.22,37.98
ORD5420,CUST1420,PROD620,2024-01-19,2,89.67,179.34
ORD5421,CUST1421,PROD621,2025-01-16,4,57.72,230.88
ORD5422,CUST1422,PROD622,2024-09-26,5,288.26,1441.3
ORD5423,CUST1423,PROD623,2025-02-20,8,37.13,297.04
ORD5424,CUST1424,PROD624,2024-09-22,1,1799.69,1799.69
ORD5425,CUST1425,PROD625,2023-12-19,3,367.19,1101.57
ORD5426,CUST1426,PROD626,2024-09-15,7,174.1,1218.7
ORD5427,CUST1427,PROD627,2024-12-22,7,208.23,1457.61
ORD5428,CUST1428,PROD628,2025-01-17,8,106.21,849.68
ORD5429,CUST1429,PROD629,2024-10-01,9,93.51,841.59
ORD5430,CUST1430,PROD630,2024-12-13,3,409.61,1228.83
ORD5431,CUST1431,PROD631,2023-12-19,2,397.5,795.0
ORD5432,CUST1432,PROD632,2023-07-06,6,65.33,391.98
ORD5433,CUST1433,PROD633,2022-03-12,5,83.72,418.6
ORD5434,CUST1434,PROD634,2023-04-28,3,368.73,1106.19
ORD5435,CUST1435,PROD635,2023-11-26,9,148.77,1338.93
ORD5436,CUST1436,PROD636,2024-02-04,6,302.58,1815.48
ORD5437,CUST1437,PROD637,2024-10-07,8,34.76,278.08
ORD5438,CUST1438,PROD638,2024-05-03,4,347.58,1390.32
ORD5439,CUST1439,PROD639,2024-04-28,4,43.74,174.96
ORD5440,CUST1440,PROD640,2025-12-01,1,123.64,123.64
ORD5441,CUST1441,PROD641,2023-02-15,6,96.8,580.8
ORD5442,CUST1442,PROD642,2025-09-02,3,64.18,192.54
ORD5443,CUST1443,PROD643,2023-08-17,1,1409.68,1409.68
ORD5444,CUST1444,PROD644,2025-10-01,6,276.06,1656.36
ORD5445,CUST1445,PROD645,2024-07-05,8,104.88,839.04
ORD5446,CUST1446,PROD646,2023-07-09,1,552.26,552.26
ORD5447,CUST1447,PROD647,2022-10-29,1,1510.04,1510.04
ORD5448,CUST1448,PROD648,2024-06-11,3,300.19,900.57
ORD5449,CUST1449,PROD649,2024-10-04,9,90.89,818.01
ORD5450,CUST1450,PROD650,2022-12-10,1,260.15,260.15
ORD5451,CUST1451,PROD651,2024-10-21,8,38.72,309.76
ORD5452,CUST1452,PROD652,2022-08-25,6,178.02,1068.12
ORD5453,CUST1453,PROD653,2024-11-07,2,388.51,777.02
ORD5454,CUST1454,PROD654,2023-05-26,9,191.94,1727.46
ORD5455,CUST1455,PROD655,2024-05-10,9,48.2,433.8
ORD5456,CUST1456,PROD656,2024-11-04,6,25.98,155.88
ORD5457,CUST1457,PROD657,2024-10-06,3,391.53,1174.59
ORD5458,CUST1458,PROD658,2025-04-29,3,455.29,1365.87
ORD5459,CUST1459,PROD659,2022-08-21,1,1137.99,1137.99
ORD5460,CUST1460,PROD660,2024-05-03,8,207.28,1658.24
ORD5461,CUST1461,PROD661,2024-05-16,6,324.54,1947.24
ORD5462,CUST1462,PROD662,2021-02-22,5,206.15,1030.75
ORD5463,CUST1463,PROD663,2023-05-06,1,1493.98,1493.98
ORD5464,CUST1464,PROD664,2025-07-05,2,553.36,1106.72
ORD5465,CUST1465,PROD665,2022-07-02,6,178.28,1069.68
ORD5466,CUST1466,PROD666,2024-01-16,1,638.11,638.11
ORD5467,CUST1467,PROD667,2021-12-14,8,225.32,1802.56
ORD5468,CUST1468,PROD668,2023-09-02,9,133.5,1201.5
ORD5469,CUST1469,PROD669,2023-08-29,6,213.51,1281.06
ORD5470,CUST1470,PROD670,2023-03-27,8,185.37,1482.96
ORD5471,CUST1471,PROD671,2025-06-22,8,87.8,702.4
ORD5472,CUST1472,PROD672,2025-01-14,4,97.78,391.12
ORD5473,CUST1473,PROD673,2023-02-06,9,197.6,1778.4
ORD5474,CUST1474,PROD674,2023-01-31,2,532.09,1064.18
ORD5475,CUST1475,PROD675,2023-03-30,5,196.12,980.6
ORD5476,CUST1476,PROD676,2024-06-24,6,313.86,1883.16
ORD5477,CUST1477,PROD677,2023-09-17,2,417.52,835.04
ORD5478,CUST1478,PROD678,2025-01-22,8,124.76,998.08
ORD5479,CUST1479,PROD679,2025-05-03,6,90.21,541.26
ORD5480,CUST1480,PROD680,2025-07-23,4,277.47,1109.88
ORD5481,CUST1481,PROD681,2023-05-31,5,132.87,664.35
ORD5482,CUST1482,PROD682,2023-03-07,8,132.82,1062.56
ORD5483,CUST1483,PROD683,2024-12-21,1,554.08,554.08
ORD5484,CUST1484,PROD684,2024-03-27,5,190.43,952.15
ORD5485,CUST1485,PROD685,2023-05-21,7,228.34,1598.38
ORD5486,CUST1486,PROD686,2022-09-29,1,975.01,975.01
ORD5487,CUST1487,PROD687,2025-06-26,3,62.15,186.45
ORD5488,CUST1488,PROD688,2024-01-25,2,537.56,1075.12
ORD5489,CUST1489,PROD689,2025-04-16,4,472.65,1890.6
ORD5490,CUST1490,PROD690,2024-01-28,8,109.16,873.28
ORD5491,CUST1491,PROD691,2022-12-23,5,261.49,1307.45
ORD5492,CUST1492,PROD692,2024-03-25,7,69.48,486.36
ORD5493,CUST1493,PROD693,2025-07-22,1,1481.71,1481.71
ORD5494,CUST1494,PROD694,2023-10-13,9,189.21,1702.89
ORD5495,CUST1495,PROD695,2021-11-12,4,271.14,1084.56
ORD5496,CUST1496,PROD696,2023-11-01,5,396.81,1984.05
ORD5497,CUST1497,PROD697,2025-01-30,2,836.76,1673.52
ORD5498,CUST1498,PROD698,2022-06-03,2,71.96,143.92
ORD5499,CUST1499,PROD699,2022-08-25,1,1601.28,1601.28
ORD5500,CUST1500,PROD700,2022-02-24,3,582.99,1748.97
ORD5501,CUST1501,PROD701,2023-05-27,2,307.14,614.28
ORD5502,CUST1502,PROD702,2025-01-17,8,193.22,1545.76
ORD5503,CUST1503,PROD703,2024-05-25,2,996.56,1993.12
ORD5504,CUST1504,PROD704,2025-03-29,2,965.67,1931.34
ORD5505,CUST1505,PROD705,2025-02-06,9,134.86,1213.74
ORD5506,CUST1506,PROD706,2022-06-06,8,59.06,472.48
ORD5507,CUST1507,PROD707,2025-07-26,5,163.78,818.9
ORD5508,CUST1508,PROD708,2024-04-01,9,204.26,1838.34
ORD5509,CUST1509,PROD709,2024-07-08,9,162.05,1458.45
ORD5510,CUST1510,PROD710,2025-07-19,6,124.82,748.92
ORD5511,CUST1511,PROD711,2024-02-09,7,81.49,570.43
ORD5512,CUST1512,PROD712,2025-05-22,3,36.04,108.12
ORD5513,CUST1513,PROD713,2025-05-26,7,243.55,1704.85
ORD5514,CUST1514,PROD714,2023-08-01,3,428.54,1285.62
ORD5515,CUST1515,PROD715,2023-12-03,3,234.67,704.01
ORD5516,CUST1516,PROD716,2023-06-17,9,142.25,1280.25
ORD5517,CUST1517,PROD717,2023-05-09,6,116.18,697.08
ORD5518,CUST1518,PROD718,2022-08-17,6,321.74,1930.44
ORD5519,CUST1519,PROD719,2022-05-22,5,266.97,1334.85
ORD5520,CUST1520,PROD720,2023-06-01,5,283.96,1419.8
ORD5521,CUST1521,PROD721,2025-07-30,4,382.28,1529.12
ORD5522,CUST1522,PROD722,2024-05-27,4,217.42,869.68
ORD5523,CUST1523,PROD723,2022-03-13,8,57.75,462.0
ORD5524,CUST1524,PROD724,2022-08-07,4,256.45,1025.8
ORD5525,CUST1525,PROD725,2024-12-06,6,300.55,1803.3
ORD5526,CUST1526,PROD726,2021-12-17,8,75.6,604.8
ORD5527,CUST1527,PROD727,2024-05-07,1,1582.47,1582.47
ORD5528,CUST1528,PROD728,2023-08-03,6,199.61,1197.66
ORD5529,CUST1529,PROD729,2025-07-01,9,75.76,681.84
ORD5530,CUST1530,PROD730,2024-05-21,3,169.33,507.99
ORD5531,CUST1531,PROD731,2022-07-23,5,279.79,1398.95
ORD5532,CUST1532,PROD732,2023-12-04,4,18.93,75.72
ORD5533,CUST1533,PROD733,2024-06-06,8,147.55,1180.4
ORD5534,CUST1534,PROD734,2023-11-14,9,82.68,744.12
ORD5535,CUST1535,PROD735,2023-12-17,9,178.63,1607.67
ORD5536,CUST1536,PROD736,2023-02-14,8,22.44,179.52
ORD5537,CUST1537,PROD737,2024-09-10,4,443.38,1773.52
ORD5538,CUST1538,PROD738,2024-06-30,8,189.41,1515.28
ORD5539,CUST1539,PROD739,2025-02-13,3,440.91,1322.73
ORD5540,CUST1540,PROD740,2022-07-15,2,944.82,1889.64
ORD5541,CUST1541,PROD741,2025-01-22,2,892.74,1785.48
ORD5542,CUST1542,PROD742,2023-06-11,3,589.28,1767.84
ORD5543,CUST1543,PROD743,2022-07-01,3,233.33,699.99
ORD5544,CUST1544,PROD744,2025-06-25,9,168.05,1512.45
ORD5545,CUST1545,PROD745,2024-11-02,5,227.34,1136.7
ORD5546,CUST1546,PROD746,2022-12-26,3,164.42,493.26
ORD5547,CUST1547,PROD747,2025-10-07,1,577.99,577.99
ORD5548,CUST1548,PROD748,2025-03-24,4,293.23,1172.92
ORD5549,CUST1549,PROD749,2022-04-16,6,188.99,1133.94
ORD5550,CUST1550,PROD750,2025-04-13,2,904.56,1809.12
ORD5551,CUST1551,PROD751,2023-08-25,1,1220.25,1220.25
ORD5552,CUST1552,PROD752,2022-12-16,6,34.17,205.02
ORD5553,CUST1553,PROD753,2025-06-19,9,152.91,1376.19
ORD5554,CUST1554,PROD754,2024-09-02,8,28.96,231.68
ORD5555,CUST1555,PROD755,2024-02-23,7,167.97,1175.79
ORD5556,CUST1556,PROD756,2022-02-12,3,329.43,988.29
ORD5557,CUST1557,PROD757,2024-09-11,1,1543.19,1543.19
ORD5558,CUST1558,PROD758,2023-04-05,2,524.51,1049.02
ORD5559,CUST1559,PROD759,2021-07-31,4,342.38,1369.52
ORD5560,CUST1560,PROD760,2025-02-02,9,164.78,1483.02
ORD5561,CUST1561,PROD761,2024-03-04,9,159.26,1433.34
ORD5562,CUST1562,PROD762,2024-08-10,8,33.22,265.76
ORD5563,CUST1563,PROD763,2024-03-28,1,1815.34,1815.34
ORD5564,CUST1564,PROD764,2024-05-04,4,17.0,68.0
ORD5565,CUST1565,PROD765,2024-12-10,6,108.08,648.48
ORD5566,CUST1566,PROD766,2022-06-15,6,18.44,110.64
ORD5567,CUST1567,PROD767,2021-10-25,4,330.36,1321.44
ORD5568,CUST1568,PROD768,2023-10-17,7,138.99,972.93
ORD5569,CUST1569,PROD769,2023-08-25,5,45.15,225.75
ORD5570,CUST1570,PROD770,2023-06-11,4,266.24,1064.96
ORD5571,CUST1571,PROD771,2023-10-04,9,127.91,1151.19
ORD5572,CUST1572,PROD772,2025-04-14,7,49.35,345.45
ORD5573,CUST1573,PROD773,2023-04-11,9,12.69,114.21
ORD5574,CUST1574,PROD774,2025-05-27,8,55.16,441.28
ORD5575,CUST1575,PROD775,2025-05-28,8,228.64,1829.12
ORD5576,CUST1576,PROD776,2023-04-16,3,554.17,1662.51
ORD5577,CUST1577,PROD777,2021-02-06,1,559.72,559.72
ORD5578,CUST1578,PROD778,2023-08-13,3,319.61,958.83
ORD5579,CUST1579,PROD779,2023-11-26,6,71.54,429.24
ORD5580,CUST1580,PROD780,2023-04-17,8,36.79,294.32
ORD5581,CUST1581,PROD781,2023-03-21,1,1276.55,1276.55
ORD5582,CUST1582,PROD782,2021-11-14,2,683.35,1366.7
ORD5583,CUST1583,PROD783,2024-02-21,5,137.79,688.95
ORD5584,CUST1584,PROD784,2025-09-08,4,309.26,1237.04
ORD5585,CUST1585,PROD785,2024-10-17,5,43.08,215.4
ORD5586,CUST1586,PROD786,2025-02-01,3,659.12,1977.36
ORD5587,CUST1587,PROD787,2022-08-11,7,177.67,1243.69
ORD5588,CUST1588,PROD788,2023-08-05,7,215.02,1505.14
ORD5589,CUST1589,PROD789,2025-09-07,1,978.5,978.5
ORD5590,CUST1590,PROD790,2024-11-10,2,180.39,360.78
ORD5591,CUST1591,PROD791,2023-05-12,4,275.98,1103.92
ORD5592,CUST1592,PROD792,2024-09-20,7,105.63,739.41
ORD5593,CUST1593,PROD793,2024-01-23,4,427.02,1708.08
ORD5594,CUST1594,PROD794,2025-03-04,9,93.14,838.26
ORD5595,CUST1595,PROD795,2023-03-10,3,58.61,175.83
ORD5596,CUST1596,PROD796,2024-02-14,6,261.37,1568.22
ORD5597,CUST1597,PROD797,2021-01-28,2,697.6,1395.2
ORD5598,CUST1598,PROD798,2023-04-07,3,612.55,1837.65
ORD5599,CUST1599,PROD799,2024-06-23,2,150.44,300.88
ORD5600,CUST1600,PROD800,2025-02-04,9,118.23,1064.07
ORD5601,CUST1601,PROD801,2024-11-04,1,1043.23,1043.23
ORD5602,CUST1602,PROD802,2024-01-11,3,619.73,1859.19
ORD5603,CUST1603,PROD803,2025-06-08,3,449.28,1347.84
ORD5604,CUST1604,PROD804,2025-06-06,1,1181.37,1181.37
ORD5605,CUST1605,PROD805,2024-11-26,9,56.24,506.16
ORD5606,CUST1606,PROD806,2023-04-15,4,458.76,1835.04
ORD5607,CUST1607,PROD807,2022-01-10,8,4.92,39.36
ORD5608,CUST1608,PROD808,2024-01-17,4,314.8,1259.2
ORD5609,CUST1609,PROD809,2023-05-20,4,475.45,1901.8
ORD5610,CUST1610,PROD810,2022-09-05,2,224.82,449.64
ORD5611,CUST1611,PROD811,2021-12-25,2,187.96,375.92
ORD5612,CUST1612,PROD812,2023-03-11,8,123.54,988.32
ORD5613,CUST1613,PROD813,2023-04-25,4,384.32,1537.28
ORD5614,CUST1614,PROD814,2024-03-30,4,158.27,633.08
ORD5615,CUST1615,PROD815,2024-10-08,7,252.11,1764.77
ORD5616,CUST1616,PROD816,2024-09-18,1,174.23,174.23
ORD5617,CUST1617,PROD817,2025-02-03,6,150.89,905.34
ORD5618,CUST1618,PROD818,2024-10-26,8,169.91,1359.28
ORD5619,CUST1619,PROD819,2021-08-27,4,94.81,379.24
ORD5620,CUST1620,PROD820,2024-09-19,3,168.81,506.43
ORD5621,CUST1621,PROD821,2023-07-30,1,415.64,415.64
ORD5622,CUST1622,PROD822,2022-05-28,5,24.21,121.05
ORD5623,CUST1623,PROD823,2023-08-03,8,132.42,1059.36
ORD5624,CUST1624,PROD824,2023-04-28,5,177.1,885.5
ORD5625,CUST1625,PROD825,2021-06-01,7,239.59,1677.13
ORD5626,CUST1626,PROD826,2025-03-29,5,165.39,826.95
ORD5627,CUST1627,PROD827,2023-07-10,2,445.44,890.88
ORD5628,CUST1628,PROD828,2024-04-23,3,562.29,1686.87
ORD5629,CUST1629,PROD829,2024-10-17,8,108.56,868.48
ORD5630,CUST1630,PROD830,2024-06-05,2,908.4,1816.8
ORD5631,CUST1631,PROD831,2024-06-29,1,1904.04,1904.04
ORD5632,CUST1632,PROD832,2024-01-26,6,313.25,1879.5
ORD5633,CUST1633,PROD833,2024-01-13,8,174.86,1398.88
ORD5634,CUST1634,PROD834,2022-08-31,8,207.22,1657.76
ORD5635,CUST1635,PROD835,2025-07-27,4,232.51,930.04
ORD5636,CUST1636,PROD836,2023-07-19,9,67.19,604.71
ORD5637,CUST1637,PROD837,2025-07-15,6,111.88,671.28
ORD5638,CUST1638,PROD838,2025-07-08,1,924.05,924.05
ORD5639,CUST1639,PROD839,2021-09-30,6,85.08,510.48
ORD5640,CUST1640,PROD840,2025-06-22,8,179.5,1436.0
ORD5641,CUST1641,PROD841,2022-09-23,4,73.15,292.6
ORD5642,CUST1642,PROD842,2025-10-07,6,180.64,1083.84
ORD5643,CUST1643,PROD843,2023-10-09,8,160.41,1283.28
ORD5644,CUST1644,PROD844,2024-09-12,9,110.39,993.51
ORD5645,CUST1645,PROD845,2025-07-28,6,202.22,1213.32
ORD5646,CUST1646,PROD846,2023-11-21,8,147.21,1177.68
ORD5647,CUST1647,PROD847,2025-09-07,2,211.08,422.16
ORD5648,CUST1648,PROD848,2023-07-19,8,57.73,461.84
ORD5649,CUST1649,PROD849,2023-09-30,2,786.08,1572.16
ORD5650,CUST1650,PROD850,2023-10-29,8,77.67,621.36
ORD5651,CUST1651,PROD851,2022-09-13,3,85.4,256.2
ORD5652,CUST1652,PROD852,2024-11-07,1,1165.65,1165.65
ORD5653,CUST1653,PROD853,2021-12-14,7,49.06,343.42
ORD5654,CUST1654,PROD854,2024-07-14,3,164.98,494.94
ORD5655,CUST1655,PROD855,2024-03-19,3,286.43,859.29
ORD5656,CUST1656,PROD856,2023-05-25,4,83.74,334.96
ORD5657,CUST1657,PROD857,2025-01-19,5,196.16,980.8
ORD5658,CUST1658,PROD858,2023-08-16,2,694.93,1389.86
ORD5659,CUST1659,PROD859,2025-01-20,2,467.28,934.56
ORD5660,CUST1660,PROD860,2024-11-15,9,146.17,1315.53
ORD5661,CUST1661,PROD861,2022-08-06,7,41.76,292.32
ORD5662,CUST1662,PROD862,2025-02-16,8,111.45,891.6
ORD5663,CUST1663,PROD863,2025-03-21,2,835.56,1671.12
ORD5664,CUST1664,PROD864,2025-03-23,3,660.78,1982.34
ORD5665,CUST1665,PROD865,2023-09-09,6,150.11,900.66
ORD5666,CUST1666,PROD866,2024-05-31,2,283.26,566.52
ORD5667,CUST1667,PROD867,2023-06-24,1,986.68,986.68
ORD5668,CUST1668,PROD868,2024-05-24,6,169.24,1015.44
ORD5669,CUST1669,PROD869,2025-07-13,9,192.21,1729.89
ORD5670,CUST1670,PROD870,2023-11-07,9,27.97,251.73
ORD5671,CUST1671,PROD871,2023-03-03,6,170.74,1024.44
ORD5672,CUST1672,PROD872,2023-02-18,5,124.97,624.85
ORD5673,CUST1673,PROD873,2022-06-07,7,78.19,547.33
ORD5674,CUST1674,PROD874,2025-01-31,5,301.07,1505.35
ORD5675,CUST1675,PROD875,2023-04-09,5,51.81,259.05
ORD5676,CUST1676,PROD876,2023-03-18,2,817.55,1635.1
ORD5677,CUST1677,PROD877,2025-11-04,2,470.4,940.8
ORD5678,CUST1678,PROD878,2024-05-18,6,244.14,1464.84
ORD5679,CUST1679,PROD879,2021-09-17,3,95.2,285.6
ORD5680,CUST1680,PROD880,2025-02-18,2,670.66,1341.32
ORD5681,CUST1681,PROD881,2024-01-17,1,213.06,213.06
ORD5682,CUST1682,PROD882,2022-10-17,8,36.45,291.6
ORD5683,CUST1683,PROD883,2024-07-15,7,3.53,24.71
ORD5684,CUST1684,PROD884,2025-04-03,1,1951.85,1951.85
ORD5685,CUST1685,PROD885,2023-01-25,6,12.39,74.34
ORD5686,CUST1686,PROD886,2021-03-26,3,28.48,85.44
ORD5687,CUST1687,PROD887,2024-08-25,2,853.97,1707.94
ORD5688,CUST1688,PROD888,2024-11-23,4,149.49,597.96
ORD5689,CUST1689,PROD889,2021-12-30,3,46.66,139.98
ORD5690,CUST1690,PROD890,2023-09-11,9,130.19,1171.71
ORD5691,CUST1691,PROD891,2024-02-07,3,528.2,1584.6
ORD5692,CUST1692,PROD892,2023-03-30,7,189.18,1324.26
ORD5693,CUST1693,PROD893,2024-01-17,6,45.62,273.72
ORD5694,CUST1694,PROD894,2024-04-19,5,86.53,432.65
ORD5695,CUST1695,PROD895,2024-05-09,9,19.37,174.33
ORD5696,CUST1696,PROD896,2022-11-27,3,356.89,1070.67
ORD5697,CUST1697,PROD897,2021-11-08,9,219.58,1976.22
ORD5698,CUST1698,PROD898,2025-07-19,1,1371.02,1371.02
ORD5699,CUST1699,PROD899,2022-08-29,7,29.54,206.78
ORD5700,CUST1700,PROD900,2024-07-15,4,155.45,621.8
ORD5701,CUST1701,PROD901,2023-04-09,5,25.49,127.45
ORD5702,CUST1702,PROD902,2025-07-08,7,18.68,130.76
ORD5703,CUST1703,PROD903,2024-03-16,1,1143.02,1143.02
ORD5704,CUST1704,PROD904,2024-12-03,9,17.62,158.58
ORD5705,CUST1705,PROD905,2024-12-16,7,167.43,1172.01
ORD5706,CUST1706,PROD906,2023-06-25,5,244.85,1224.25
ORD5707,CUST1707,PROD907,2023-10-10,7,73.97,517.79
ORD5708,CUST1708,PROD908,2024-06-15,2,898.76,1797.52
ORD5709,CUST1709,PROD909,2022-08-26,4,209.36,837.44
ORD5710,CUST1710,PROD910,2022-03-20,9,143.04,1287.36
ORD5711,CUST1711,PROD911,2025-02-27,4,164.34,657.36
ORD5712,CUST1712,PROD912,2023-01-25,7,188.11,1316.77
ORD5713,CUST1713,PROD913,2025-01-13,5,343.89,1719.45
ORD5714,CUST1714,PROD914,2021-10-09,4,291.77,1167.08
ORD5715,CUST1715,PROD915,2025-06-14,5,289.38,1446.9
ORD5716,CUST1716,PROD916,2024-07-15,8,184.92,1479.36
ORD5717,CUST1717,PROD917,2023-10-26,8,95.6,764.8
ORD5718,CUST1718,PROD918,2022-01-16,7,12.05,84.35
ORD5719,CUST1719,PROD919,2023-05-18,2,877.48,1754.96
ORD5720,CUST1720,PROD920,2024-08-20,7,129.11,903.77
ORD5721,CUST1721,PROD921,2022-05-15,1,699.1,699.1
ORD5722,CUST1722,PROD922,2024-05-05,6,10.32,61.92
ORD5723,CUST1723,PROD923,2025-02-08,9,196.1,1764.9
ORD5724,CUST1724,PROD924,2025-01-28,9,173.64,1562.76
ORD5725,CUST1725,PROD925,2024-12-26,5,206.65,1033.25
ORD5726,CUST1726,PROD926,2023-03-21,1,477.57,477.57
ORD5727,CUST1727,PROD927,2022-11-22,6,68.9,413.4
ORD5728,CUST1728,PROD928,2024-12-16,7,238.83,1671.81
ORD5729,CUST1729,PROD929,2025-05-23,5,120.28,601.4
ORD5730,CUST1730,PROD930,2024-04-04,1,880.32,880.32
ORD5731,CUST1731,PROD931,2024-07-30,1,425.19,425.19
ORD5732,CUST1732,PROD932,2023-12-26,3,436.81,1310.43
ORD5733,CUST1733,PROD933,2023-04-24,3,54.65,163.95
ORD5734,CUST1734,PROD934,2024-07-04,6,178.57,1071.42
ORD5735,CUST1735,PROD935,2025-12-04,9,18.43,165.87
ORD5736,CUST1736,PROD936,2021-07-25,8,162.13,1297.04
ORD5737,CUST1737,PROD937,2023-09-23,4,215.86,863.44
ORD5738,CUST1738,PROD938,2023-10-08,4,448.02,1792.08
ORD5739,CUST1739,PROD939,2024-07-23,4,202.23,808.92
ORD5740,CUST1740,PROD940,2024-08-11,1,412.98,412.98
ORD5741,CUST1741,PROD941,2021-03-27,4,187.53,750.12
ORD5742,CUST1742,PROD942,2022-12-29,8,140.81,1126.48
ORD5743,CUST1743,PROD943,2024-10-17,7,66.97,468.79
ORD5744,CUST1744,PROD944,2024-12-27,5,73.09,365.45
ORD5745,CUST1745,PROD945,2023-06-13,1,1326.91,1326.91
ORD5746,CUST1746,PROD946,2022-07-11,2,187.35,374.7
ORD5747,CUST1747,PROD947,2024-08-10,2,421.14,842.28
ORD5748,CUST1748,PROD948,2025-03-28,9,107.87,970.83
ORD5749,CUST1749,PROD949,2023-11-06,9,185.96,1673.64
ORD5750,CUST1750,PROD950,2025-08-03,7,180.94,1266.58
ORD5751,CUST1751,PROD951,2023-03-26,3,138.8,416.4
ORD5752,CUST1752,PROD952,2024-08-31,1,856.16,856.16
ORD5753,CUST1753,PROD953,2025-08-02,9,206.67,1860.03
ORD5754,CUST1754,PROD954,2025-02-14,3,175.1,525.3
ORD5755,CUST1755,PROD955,2023-03-26,5,174.92,874.6
ORD5756,CUST1756,PROD956,2023-11-30,3,406.39,1219.17
ORD5757,CUST1757,PROD957,2024-11-27,9,190.94,1718.46
ORD5758,CUST1758,PROD958,2021-04-01,4,453.96,1815.84
ORD5759,CUST1759,PROD959,2022-06-14,4,186.85,747.4
ORD5760,CUST1760,PROD960,2022-12-18,9,136.28,1226.52
ORD5761,CUST1761,PROD961,2023-10-11,5,187.92,939.6
ORD5762,CUST1762,PROD962,2023-01-11,1,1779.7,1779.7
ORD5763,CUST1763,PROD963,2023-10-04,5,107.63,538.15
ORD5764,CUST1764,PROD964,2024-07-28,2,312.62,625.24
ORD5765,CUST1765,PROD965,2024-04-12,5,296.94,1484.7
ORD5766,CUST1766,PROD966,2025-04-28,3,604.99,1814.97
ORD5767,CUST1767,PROD967,2025-10-03,5,267.93,1339.65
ORD5768,CUST1768,PROD968,2025-07-21,4,452.36,1809.44
ORD5769,CUST1769,PROD969,2022-05-17,2,890.55,1781.1
ORD5770,CUST1770,PROD970,2025-09-07,2,345.88,691.76
ORD5771,CUST1771,PROD971,2023-04-10,9,104.9,944.1
ORD5772,CUST1772,PROD972,2024-01-25,4,469.38,1877.52
ORD5773,CUST1773,PROD973,2023-01-25,1,1603.98,1603.98
ORD5774,CUST1774,PROD974,2021-08-06,9,94.71,852.39
ORD5775,CUST1775,PROD975,2024-10-21,3,356.64,1069.92
ORD5776,CUST1776,PROD976,2024-10-01,1,1866.7,1866.7
ORD5777,CUST1777,PROD977,2023-06-19,9,163.7,1473.3
ORD5778,CUST1778,PROD978,2022-10-18,4,155.82,623.28
ORD5779,CUST1779,PROD979,2025-06-23,8,106.1,848.8
ORD5780,CUST1780,PROD980,2023-11-04,1,1612.53,1612.53
ORD5781,CUST1781,PROD981,2022-04-25,9,62.63,563.67
ORD5782,CUST1782,PROD982,2024-06-20,8,119.67,957.36
ORD5783,CUST1783,PROD983,2023-01-08,2,521.39,1042.78
ORD5784,CUST1784,PROD984,2024-02-11,9,206.37,1857.33
ORD5785,CUST1785,PROD985,2024-07-13,4,415.32,1661.28
ORD5786,CUST1786,PROD986,2025-08-07,2,591.74,1183.48
ORD5787,CUST1787,PROD987,2024-07-20,8,80.74,645.92
ORD5788,CUST1788,PROD988,2023-01-28,6,306.56,1839.36
ORD5789,CUST1789,PROD989,2025-06-03,5,355.84,1779.2
ORD5790,CUST1790,PROD990,2023-04-24,1,1830.76,1830.76
ORD5791,CUST1791,PROD991,2023-11-12,7,160.18,1121.26
ORD5792,CUST1792,PROD992,2024-02-16,3,617.63,1852.89
ORD5793,CUST1793,PROD993,2022-03-15,3,535.52,1606.56
ORD5794,CUST1794,PROD994,2025-10-08,5,182.19,910.95
ORD5795,CUST1795,PROD995,2024-03-05,4,93.02,372.08
ORD5796,CUST1796,PROD996,2023-05-06,8,166.0,1328.0
ORD5797,CUST1797,PROD997,2022-09-09,6,70.69,424.14
ORD5798,CUST1798,PROD998,2025-01-17,4,389.13,1556.52
ORD5799,CUST1799,PROD999,2023-06-04,1,775.47,775.47
ORD5800,CUST1800,PROD1000,2024-09-05,6,275.37,1652.22
ORD5801,CUST1801,PROD1001,2024-10-15,8,70.36,562.88
ORD5802,CUST1802,PROD1002,2025-07-15,2,584.12,1168.24
ORD5803,CUST1803,PROD1003,2024-12-08,7,275.07,1925.49
ORD5804,CUST1804,PROD1004,2023-05-13,6,228.54,1371.24
ORD5805,CUST1805,PROD1005,2024-02-13,6,206.83,1240.98
ORD5806,CUST1806,PROD1006,2022-10-26,3,164.25,492.75
ORD5807,CUST1807,PROD1007,2024-05-15,9,59.56,536.04
ORD5808,CUST1808,PROD1008,2023-04-28,6,321.07,1926.42
ORD5809,CUST1809,PROD1009,2023-07-15,1,1727.6,1727.6
ORD5810,CUST1810,PROD1010,2024-04-23,1,636.4,636.4
ORD5811,CUST1811,PROD1011,2023-04-04,8,3.22,25.76
ORD5812,CUST1812,PROD1012,2022-04-08,3,412.53,1237.59
ORD5813,CUST1813,PROD1013,2023-02-15,6,6.28,37.68
ORD5814,CUST1814,PROD1014,2023-11-07,4,220.15,880.6
ORD5815,CUST1815,PROD1015,2022-12-19,3,386.61,1159.83
ORD5816,CUST1816,PROD1016,2024-07-16,8,133.37,1066.96
ORD5817,CUST1817,PROD1017,2024-02-21,8,159.66,1277.28
ORD5818,CUST1818,PROD1018,2024-11-23,2,777.63,1555.26
ORD5819,CUST1819,PROD1019,2025-05-14,8,160.33,1282.64
ORD5820,CUST1820,PROD1020,2023-04-21,6,281.82,1690.92
ORD5821,CUST1821,PROD1021,2023-11-07,5,32.79,163.95
ORD5822,CUST1822,PROD1022,2023-11-09,9,64.02,576.18
ORD5823,CUST1823,PROD1023,2025-02-16,6,219.25,1315.5
ORD5824,CUST1824,PROD1024,2025-07-29,3,240.97,722.91
ORD5825,CUST1825,PROD1025,2023-10-04,8,109.65,877.2
ORD5826,CUST1826,PROD1026,2023-11-01,4,147.48,589.92
ORD5827,CUST1827,PROD1027,2023-02-19,4,285.81,1143.24
ORD5828,CUST1828,PROD1028,2022-01-29,2,247.44,494.88
ORD5829,CUST1829,PROD1029,2024-05-30,5,392.68,1963.4
ORD5830,CUST1830,PROD1030,2023-10-25,2,571.02,1142.04
ORD5831,CUST1831,PROD1031,2023-12-22,9,193.46,1741.14
ORD5832,CUST1832,PROD1032,2025-09-03,9,212.68,1914.12
ORD5833,CUST1833,PROD1033,2024-04-26,3,630.94,1892.82
ORD5834,CUST1834,PROD1034,2024-06-14,1,1649.05,1649.05
ORD5835,CUST1835,PROD1035,2023-02-23,7,235.74,1650.18
ORD5836,CUST1836,PROD1036,2023-06-26,2,280.06,560.12
ORD5837,CUST1837,PROD1037,2024-08-22,2,407.36,814.72
ORD5838,CUST1838,PROD1038,2022-07-24,6,15.74,94.44
ORD5839,CUST1839,PROD1039,2024-08-07,6,192.7,1156.2
ORD5840,CUST1840,PROD1040,2021-12-28,5,69.18,345.9
ORD5841,CUST1841,PROD1041,2023-07-22,3,579.37,1738.11
ORD5842,CUST1842,PROD1042,2022-10-03,3,394.58,1183.74
ORD5843,CUST1843,PROD1043,2025-09-06,5,225.37,1126.85
ORD5844,CUST1844,PROD1044,2025-05-05,3,134.1,402.3
ORD5845,CUST1845,PROD1045,2024-04-18,5,271.53,1357.65
ORD5846,CUST1846,PROD1046,2025-05-02,4,185.23,740.92
ORD5847,CUST1847,PROD1047,2021-11-09,3,659.34,1978.02
ORD5848,CUST1848,PROD1048,2023-08-22,2,115.48,230.96
ORD5849,CUST1849,PROD1049,2024-11-23,4,216.91,867.64
ORD5850,CUST1850,PROD1050,2024-03-28,2,565.54,1131.08
ORD5851,CUST1851,PROD1051,2025-06-02,1,1146.75,1146.75
ORD5852,CUST1852,PROD1052,2024-07-22,6,308.27,1849.62
ORD5853,CUST1853,PROD1053,2025-07-30,6,35.94,215.64
ORD5854,CUST1854,PROD1054,2024-05-29,7,59.83,418.81
ORD5855,CUST1855,PROD1055,2025-06-04,5,71.23,356.15
ORD5856,CUST1856,PROD1056,2023-01-07,9,57.8,520.2
ORD5857,CUST1857,PROD1057,2023-08-05,8,168.42,1347.36
ORD5858,CUST1858,PROD1058,2024-12-15,4,459.91,1839.64
ORD5859,CUST1859,PROD1059,2022-04-18,3,553.7,1661.1
ORD5860,CUST1860,PROD1060,2023-11-06,9,109.72,987.48
ORD5861,CUST1861,PROD1061,2024-12-26,8,185.49,1483.92
ORD5862,CUST1862,PROD1062,2021-07-13,7,120.62,844.34
ORD5863,CUST1863,PROD1063,2024-05-29,8,12.13,97.04
ORD5864,CUST1864,PROD1064,2024-09-05,8,125.67,1005.36
ORD5865,CUST1865,PROD1065,2023-11-29,5,257.64,1288.2
ORD5866,CUST1866,PROD1066,2025-04-03,3,271.11,813.33
ORD5867,CUST1867,PROD1067,2021-09-24,9,163.32,1469.88
ORD5868,CUST1868,PROD1068,2023-09-28,5,392.26,1961.3
ORD5869,CUST1869,PROD1069,2023-07-29,6,13.61,81.66
ORD5870,CUST1870,PROD1070,2022-09-03,3,216.65,649.95
ORD5871,CUST1871,PROD1071,2022-11-11,2,16.71,33.42
ORD5872,CUST1872,PROD1072,2022-03-02,9,175.08,1575.72
ORD5873,CUST1873,PROD1073,2025-03-30,3,14.48,43.44
ORD5874,CUST1874,PROD1074,2025-01-01,7,278.55,1949.85
ORD5875,CUST1875,PROD1075,2023-09-02,9,214.18,1927.62
ORD5876,CUST1876,PROD1076,2025-04-22,3,230.54,691.62
ORD5877,CUST1877,PROD1077,2024-06-26,3,389.52,1168.56
ORD5878,CUST1878,PROD1078,2023-07-31,7,51.37,359.59
ORD5879,CUST1879,PROD1079,2021-01-25,3,122.69,368.07
ORD5880,CUST1880,PROD1080,2025-05-24,6,330.62,1983.72
ORD5881,CUST1881,PROD1081,2023-03-02,9,158.04,1422.36
ORD5882,CUST1882,PROD1082,2025-10-07,3,206.38,619.14
ORD5883,CUST1883,PROD1083,2022-01-17,8,79.18,633.44
ORD5884,CUST1884,PROD1084,2023-07-31,6,255.14,1530.84
ORD5885,CUST1885,PROD1085,2022-05-23,8,37.3,298.4
ORD5886,CUST1886,PROD1086,2024-08-21,8,204.47,1635.76
ORD5887,CUST1887,PROD1087,2023-10-10,2,67.58,135.16
ORD5888,CUST1888,PROD1088,2022-08-24,8,120.78,966.24
ORD5889,CUST1889,PROD1089,2024-12-27,5,11.14,55.7
ORD5890,CUST1890,PROD1090,2022-12-16,1,1928.31,1928.31
ORD5891,CUST1891,PROD1091,2025-05-25,9,90.22,811.98
ORD5892,CUST1892,PROD1092,2024-11-18,3,571.94,1715.82
ORD5893,CUST1893,PROD1093,2025-07-18,5,294.41,1472.05
ORD5894,CUST1894,PROD1094,2024-07-09,7,68.21,477.47
ORD5895,CUST1895,PROD1095,2023-03-18,3,134.68,404.04
ORD5896,CUST1896,PROD1096,2024-11-15,5,295.07,1475.35
ORD5897,CUST1897,PROD1097,2024-11-02,9,168.3,1514.7
ORD5898,CUST1898,PROD1098,2023-10-24,9,134.51,1210.59
ORD5899,CUST1899,PROD1099,2022-04-03,7,203.05,1421.35
ORD5900,CUST1900,PROD1100,2024-08-01,3,645.38,1936.14
ORD5901,CUST1901,PROD1101,2024-12-14,4,395.81,1583.24
ORD5902,CUST1902,PROD1102,2023-11-15,4,326.37,1305.48
ORD5903,CUST1903,PROD1103,2024-10-08,1,1200.43,1200.43
ORD5904,CUST1904,PROD1104,2025-11-02,2,772.71,1545.42
ORD5905,CUST1905,PROD1105,2025-12-07,7,23.66,165.62
ORD5906,CUST1906,PROD1106,2025-11-01,6,285.94,1715.64
ORD5907,CUST1907,PROD1107,2025-01-21,4,412.26,1649.04
ORD5908,CUST1908,PROD1108,2023-05-28,7,111.59,781.13
ORD5909,CUST1909,PROD1109,2024-06-13,7,135.86,951.02
ORD5910,CUST1910,PROD1110,2022-07-05,3,652.41,1957.23
ORD5911,CUST1911,PROD1111,2024-04-04,7,27.29,191.03
ORD5912,CUST1912,PROD1112,2025-01-17,8,113.52,908.16
ORD5913,CUST1913,PROD1113,2025-01-02,4,162.82,651.28
ORD5914,CUST1914,PROD1114,2024-09-11,8,12.45,99.6
ORD5915,CUST1915,PROD1115,2023-10-14,2,105.53,211.06
ORD5916,CUST1916,PROD1116,2022-08-23,9,177.37,1596.33
ORD5917,CUST1917,PROD1117,2022-10-25,1,236.75,236.75
ORD5918,CUST1918,PROD1118,2023-04-13,6,89.84,539.04
ORD5919,CUST1919,PROD1119,2021-12-18,8,236.87,1894.96
ORD5920,CUST1920,PROD1120,2023-09-12,4,485.77,1943.08
ORD5921,CUST1921,PROD1121,2024-11-25,6,223.3,1339.8
ORD5922,CUST1922,PROD1122,2021-04-23,8,141.79,1134.32
ORD5923,CUST1923,PROD1123,2022-02-03,6,316.21,1897.26
ORD5924,CUST1924,PROD1124,2025-08-05,1,253.96,253.96
ORD5925,CUST1925,PROD1125,2024-01-30,1,314.54,314.54
ORD5926,CUST1926,PROD1126,2023-03-24,7,183.6,1285.2
ORD5927,CUST1927,PROD1127,2023-10-09,5,326.2,1631.0
ORD5928,CUST1928,PROD1128,2023-06-13,9,203.29,1829.61
ORD5929,CUST1929,PROD1129,2022-01-05,4,287.98,1151.92
ORD5930,CUST1930,PROD1130,2023-10-14,1,1187.15,1187.15
ORD5931,CUST1931,PROD1131,2024-09-15,2,41.26,82.52
ORD5932,CUST1932,PROD1132,2025-05-14,4,442.11,1768.44
ORD5933,CUST1933,PROD1133,2025-01-27,7,157.4,1101.8
ORD5934,CUST1934,PROD1134,2025-08-04,2,840.86,1681.72
ORD5935,CUST1935,PROD1135,2024-05-05,6,267.94,1607.64
ORD5936,CUST1936,PROD1136,2023-09-16,8,221.07,1768.56
ORD5937,CUST1937,PROD1137,2024-06-22,4,198.6,794.4
ORD5938,CUST1938,PROD1138,2022-04-30,1,1782.82,1782.82
ORD5939,CUST1939,PROD1139,2022-07-21,7,246.91,1728.37
ORD5940,CUST1940,PROD1140,2023-02-26,7,41.5,290.5
ORD5941,CUST1941,PROD1141,2024-06-29,5,49.54,247.7
ORD5942,CUST1942,PROD1142,2024-01-21,5,394.99,1974.95
ORD5943,CUST1943,PROD1143,2023-04-04,6,117.48,704.88
ORD5944,CUST1944,PROD1144,2024-03-16,4,262.89,1051.56
ORD5945,CUST1945,PROD1145,2022-07-12,9,113.64,1022.76
ORD5946,CUST1946,PROD1146,2024-01-18,2,871.85,1743.7
ORD5947,CUST1947,PROD1147,2022-06-22,3,470.37,1411.11
ORD5948,CUST1948,PROD1148,2021-07-06,5,349.45,1747.25
ORD5949,CUST1949,PROD1149,2022-07-25,6,246.71,1480.26
ORD5950,CUST1950,PROD1150,2024-04-22,4,219.88,879.52
ORD5951,CUST1951,PROD1151,2023-02-09,7,38.9,272.3
ORD5952,CUST1952,PROD1152,2023-08-14,6,235.66,1413.96
ORD5953,CUST1953,PROD1153,2025-04-13,1,1880.02,1880.02
ORD5954,CUST1954,PROD1154,2024-12-21,9,55.52,499.68
ORD5955,CUST1955,PROD1155,2025-09-02,6,73.02,438.12
ORD5956,CUST1956,PROD1156,2025-03-27,1,1802.85,1802.85
ORD5957,CUST1957,PROD1157,2021-10-27,2,778.38,1556.76
ORD5958,CUST1958,PROD1158,2024-09-29,9,128.14,1153.26
ORD5959,CUST1959,PROD1159,2022-08-07,7,175.21,1226.47
ORD5960,CUST1960,PROD1160,2025-03-15,3,178.84,536.52
ORD5961,CUST1961,PROD1161,2022-08-13,6,100.8,604.8
ORD5962,CUST1962,PROD1162,2025-07-25,3,469.18,1407.54
ORD5963,CUST1963,PROD1163,2023-05-19,5,395.18,1975.9
ORD5964,CUST1964,PROD1164,2025-01-05,7,66.9,468.3
ORD5965,CUST1965,PROD1165,2023-12-21,7,228.96,1602.72
ORD5966,CUST1966,PROD1166,2024-02-19,5,150.3,751.5
ORD5967,CUST1967,PROD1167,2022-05-20,3,77.12,231.36
ORD5968,CUST1968,PROD1168,2024-12-06,6,72.21,433.26
ORD5969,CUST1969,PROD1169,2024-11-12,3,196.33,588.99
ORD5970,CUST1970,PROD1170,2025-03-19,6,3.79,22.74
ORD5971,CUST1971,PROD1171,2024-11-14,3,106.22,318.66
ORD5972,CUST1972,PROD1172,2025-07-24,3,180.75,542.25
ORD5973,CUST1973,PROD1173,2025-01-18,4,296.92,1187.68
ORD5974,CUST1974,PROD1174,2023-01-23,8,29.5,236.0
ORD5975,CUST1975,PROD1175,2025-05-24,9,31.86,286.74
ORD5976,CUST1976,PROD1176,2023-07-11,7,145.88,1021.16
ORD5977,CUST1977,PROD1177,2022-03-12,4,296.35,1185.4
ORD5978,CUST1978,PROD1178,2023-09-18,4,488.66,1954.64
ORD5979,CUST1979,PROD1179,2025-06-25,4,132.21,528.84
ORD5980,CUST1980,PROD1180,2025-02-26,7,213.5,1494.5
ORD5981,CUST1981,PROD1181,2025-04-18,7,160.9,1126.3
ORD5982,CUST1982,PROD1182,2022-11-09,7,58.81,411.67
ORD5983,CUST1983,PROD1183,2022-05-15,6,211.84,1271.04
ORD5984,CUST1984,PROD1184,2022-10-06,1,1982.82,1982.82
ORD5985,CUST1985,PROD1185,2024-07-03,8,9.93,79.44
ORD5986,CUST1986,PROD1186,2024-04-02,8,7.25,58.0
ORD5987,CUST1987,PROD1187,2023-04-24,9,21.48,193.32
ORD5988,CUST1988,PROD1188,2023-07-31,1,211.96,211.96
ORD5989,CUST1989,PROD1189,2024-07-06,4,231.71,926.84
ORD5990,CUST1990,PROD1190,2022-10-29,6,186.02,1116.12
ORD5991,CUST1991,PROD1191,2024-09-19,1,437.26,437.26
ORD5992,CUST1992,PROD1192,2024-02-15,3,139.94,419.82
ORD5993,CUST1993,PROD1193,2023-11-21,4,125.24,500.96
ORD5994,CUST1994,PROD1194,2021-03-22,1,404.7,404.7
ORD5995,CUST1995,PROD1195,2023-07-05,8,141.68,1133.44
ORD5996,CUST1996,PROD1196,2025-05-06,5,297.66,1488.3
ORD5997,CUST1997,PROD1197,2023-10-15,5,36.92,184.6
ORD5998,CUST1998,PROD1198,2023-02-05,2,11.28,22.56
ORD5999,CUST1999,PROD1199,2023-11-01,3,62.25,186.75
ORD6000,CUST2000,PROD1200,2025-11-01,4,317.92,1271.68
ORD6001,CUST2001,PROD1201,2023-05-10,6,273.87,1643.22
ORD6002,CUST2002,PROD1202,2024-01-14,2,408.29,816.58
ORD6003,CUST2003,PROD1203,2024-05-01,7,168.28,1177.96
ORD6004,CUST2004,PROD1204,2025-02-08,3,365.91,1097.73
ORD6005,CUST2005,PROD1205,2024-07-02,9,54.74,492.66
ORD6006,CUST2006,PROD1206,2023-05-09,5,343.61,1718.05
ORD6007,CUST2007,PROD1207,2023-12-07,8,144.61,1156.88
ORD6008,CUST2008,PROD1208,2023-12-19,5,232.44,1162.2
ORD6009,CUST2009,PROD1209,2021-11-29,3,379.58,1138.74
ORD6010,CUST2010,PROD1210,2023-08-17,9,95.69,861.21
ORD6011,CUST2011,PROD1211,2023-11-30,5,349.76,1748.8
ORD6012,CUST2012,PROD1212,2025-10-02,5,9.35,46.75
ORD6013,CUST2013,PROD1213,2022-08-17,1,869.42,869.42
ORD6014,CUST2014,PROD1214,2024-10-04,2,328.95,657.9
ORD6015,CUST2015,PROD1215,2024-03-17,4,204.01,816.04
ORD6016,CUST2016,PROD1216,2023-09-19,3,246.98,740.94
ORD6017,CUST2017,PROD1217,2022-10-30,4,324.78,1299.12
ORD6018,CUST2018,PROD1218,2023-09-02,4,288.74,1154.96
ORD6019,CUST2019,PROD1219,2021-08-11,6,259.66,1557.96
ORD6020,CUST2020,PROD1220,2025-03-25,8,93.98,751.84
ORD6021,CUST2021,PROD1221,2025-04-03,2,617.67,1235.34
ORD6022,CUST2022,PROD1222,2023-07-09,7,208.08,1456.56
ORD6023,CUST2023,PROD1223,2021-12-25,4,352.3,1409.2
ORD6024,CUST2024,PROD1224,2022-09-13,1,1129.55,1129.55
ORD6025,CUST2025,PROD1225,2024-03-18,1,578.42,578.42
ORD6026,CUST2026,PROD1226,2025-03-15,4,179.48,717.92
ORD6027,CUST2027,PROD1227,2025-05-04,7,157.13,1099.91
ORD6028,CUST2028,PROD1228,2024-07-24,6,21.02,126.12
ORD6029,CUST2029,PROD1229,2025-03-27,2,251.82,503.64
ORD6030,CUST2030,PROD1230,2024-07-08,6,158.76,952.56
ORD6031,CUST2031,PROD1231,2021-02-02,4,384.21,1536.84
ORD6032,CUST2032,PROD1232,2021-07-16,1,456.94,456.94
ORD6033,CUST2033,PROD1233,2024-03-13,8,60.37,482.96
ORD6034,CUST2034,PROD1234,2023-09-25,8,88.97,711.76
ORD6035,CUST2035,PROD1235,2023-01-19,7,110.67,774.69
ORD6036,CUST2036,PROD1236,2022-03-02,2,791.7,1583.4
ORD6037,CUST2037,PROD1237,2025-02-24,2,811.8,1623.6
ORD6038,CUST2038,PROD1238,2025-03-04,9,71.4,642.6
ORD6039,CUST2039,PROD1239,2023-02-11,6,164.17,985.02
ORD6040,CUST2040,PROD1240,2023-12-31,4,439.94,1759.76
ORD6041,CUST2041,PROD1241,2021-10-16,2,156.82,313.64
ORD6042,CUST2042,PROD1242,2024-07-16,5,62.14,310.7
ORD6043,CUST2043,PROD1243,2024-02-27,7,34.67,242.69
ORD6044,CUST2044,PROD1244,2024-03-08,1,1707.78,1707.78
ORD6045,CUST2045,PROD1245,2023-11-20,6,264.01,1584.06
ORD6046,CUST2046,PROD1246,2024-03-16,5,87.51,437.55
ORD6047,CUST2047,PROD1247,2024-07-25,5,243.13,1215.65
ORD6048,CUST2048,PROD1248,2024-07-15,2,880.36,1760.72
ORD6049,CUST2049,PROD1249,2022-12-23,1,793.56,793.56
ORD6050,CUST2050,PROD1250,2024-06-11,9,100.04,900.36
ORD6051,CUST2051,PROD1251,2025-07-02,7,207.64,1453.48
ORD6052,CUST2052,PROD1252,2025-05-16,8,96.98,775.84
ORD6053,CUST2053,PROD1253,2024-12-18,4,149.0,596.0
ORD6054,CUST2054,PROD1254,2024-04-22,2,451.57,903.14
ORD6055,CUST2055,PROD1255,2023-08-10,4,292.96,1171.84
ORD6056,CUST2056,PROD1256,2024-08-20,1,1825.62,1825.62
ORD6057,CUST2057,PROD1257,2025-07-01,6,152.66,915.96
ORD6058,CUST2058,PROD1258,2023-02-24,2,190.72,381.44
ORD6059,CUST2059,PROD1259,2024-05-11,2,632.95,1265.9
ORD6060,CUST2060,PROD1260,2025-03-19,5,181.65,908.25
ORD6061,CUST2061,PROD1261,2023-11-01,9,109.38,984.42
ORD6062,CUST2062,PROD1262,2024-12-01,6,159.55,957.3
ORD6063,CUST2063,PROD1263,2024-10-15,1,688.6,688.6
ORD6064,CUST2064,PROD1264,2023-12-28,7,232.71,1628.97
ORD6065,CUST2065,PROD1265,2024-03-20,3,266.97,800.91
ORD6066,CUST2066,PROD1266,2022-01-10,9,21.76,195.84
ORD6067,CUST2067,PROD1267,2025-07-07,2,845.1,1690.2
ORD6068,CUST2068,PROD1268,2025-04-13,7,162.4,1136.8
ORD6069,CUST2069,PROD1269,2024-08-15,9,168.82,1519.38
ORD6070,CUST2070,PROD1270,2021-11-24,7,51.61,361.27
ORD6071,CUST2071,PROD1271,2024-09-07,6,257.69,1546.14
ORD6072,CUST2072,PROD1272,2021-06-05,3,90.01,270.03
ORD6073,CUST2073,PROD1273,2023-06-26,8,8.45,67.6
ORD6074,CUST2074,PROD1274,2024-03-19,8,135.26,1082.08
ORD6075,CUST2075,PROD1275,2023-12-08,3,435.92,1307.76
ORD6076,CUST2076,PROD1276,2025-04-20,7,186.66,1306.62
ORD6077,CUST2077,PROD1277,2024-04-21,8,60.8,486.4
ORD6078,CUST2078,PROD1278,2022-11-30,9,52.29,470.61
ORD6079,CUST2079,PROD1279,2024-12-02,5,325.42,1627.1
ORD6080,CUST2080,PROD1280,2022-05-02,9,204.08,1836.72
ORD6081,CUST2081,PROD1281,2024-08-18,6,236.78,1420.68
ORD6082,CUST2082,PROD1282,2022-08-16,1,920.25,920.25
ORD6083,CUST2083,PROD1283,2025-05-13,5,248.76,1243.8
ORD6084,CUST2084,PROD1284,2023-04-15,6,44.12,264.72
ORD6085,CUST2085,PROD1285,2025-02-26,1,1330.98,1330.98
ORD6086,CUST2086,PROD1286,2022-03-16,7,65.75,460.25
ORD6087,CUST2087,PROD1287,2023-08-13,3,573.06,1719.18
ORD6088,CUST2088,PROD1288,2024-07-11,5,384.45,1922.25
ORD6089,CUST2089,PROD1289,2021-06-09,9,61.45,553.05
ORD6090,CUST2090,PROD1290,2023-02-22,4,476.48,1905.92
ORD6091,CUST2091,PROD1291,2025-02-18,2,542.87,1085.74
ORD6092,CUST2092,PROD1292,2023-11-26,4,491.48,1965.92
ORD6093,CUST2093,PROD1293,2024-02-04,3,309.37,928.11
ORD6094,CUST2094,PROD1294,2022-11-26,7,4.8,33.6
ORD6095,CUST2095,PROD1295,2023-07-18,4,247.22,988.88
ORD6096,CUST2096,PROD1296,2024-02-10,7,121.04,847.28
ORD6097,CUST2097,PROD1297,2023-11-21,7,146.91,1028.37
ORD6098,CUST2098,PROD1298,2023-09-08,1,1319.96,1319.96
ORD6099,CUST2099,PROD1299,2025-10-04,4,84.26,337.04
ORD6100,CUST2100,PROD1300,2022-09-30,4,313.24,1252.96
ORD6101,CUST2101,PROD1301,2024-02-20,4,261.8,1047.2
ORD6102,CUST2102,PROD1302,2023-12-12,4,366.08,1464.32
ORD6103,CUST2103,PROD1303,2025-06-13,5,302.55,1512.75
ORD6104,CUST2104,PROD1304,2024-10-10,2,72.5,145.0
ORD6105,CUST2105,PROD1305,2024-06-21,1,1194.42,1194.42
ORD6106,CUST2106,PROD1306,2023-07-30,8,136.82,1094.56
ORD6107,CUST2107,PROD1307,2022-12-28,1,1491.08,1491.08
ORD6108,CUST2108,PROD1308,2023-03-28,9,175.08,1575.72
ORD6109,CUST2109,PROD1309,2024-12-01,4,446.47,1785.88
ORD6110,CUST2110,PROD1310,2022-12-25,4,204.18,816.72
ORD6111,CUST2111,PROD1311,2023-09-03,2,964.5,1929.0
ORD6112,CUST2112,PROD1312,2024-04-03,8,134.3,1074.4
ORD6113,CUST2113,PROD1313,2021-07-30,5,228.67,1143.35
ORD6114,CUST2114,PROD1314,2023-04-16,5,360.22,1801.1
ORD6115,CUST2115,PROD1315,2023-08-28,3,99.05,297.15
ORD6116,CUST2116,PROD1316,2023-04-09,7,212.47,1487.29
ORD6117,CUST2117,PROD1317,2022-05-24,8,14.12,112.96
ORD6118,CUST2118,PROD1318,2020-09-20,4,258.37,1033.48
ORD6119,CUST2119,PROD1319,2024-04-05,9,141.45,1273.05
ORD6120,CUST2120,PROD1320,2023-11-23,9,52.81,475.29
ORD6121,CUST2121,PROD1321,2024-07-07,5,169.81,849.05
ORD6122,CUST2122,PROD1322,2023-11-27,6,111.99,671.94
ORD6123,CUST2123,PROD1323,2022-03-31,3,564.3,1692.9
ORD6124,CUST2124,PROD1324,2024-08-03,4,244.71,978.84
ORD6125,CUST2125,PROD1325,2020-10-11,1,603.87,603.87
ORD6126,CUST2126,PROD1326,2022-09-14,2,232.11,464.22
ORD6127,CUST2127,PROD1327,2025-03-08,5,50.52,252.6
ORD6128,CUST2128,PROD1328,2024-09-25,2,407.04,814.08
ORD6129,CUST2129,PROD1329,2022-03-14,9,212.92,1916.28
ORD6130,CUST2130,PROD1330,2024-01-25,9,119.35,1074.15
ORD6131,CUST2131,PROD1331,2025-05-14,5,36.75,183.75
ORD6132,CUST2132,PROD1332,2023-01-05,6,113.88,683.28
ORD6133,CUST2133,PROD1333,2024-05-24,9,168.95,1520.55
ORD6134,CUST2134,PROD1334,2023-11-17,6,9.9,59.4
ORD6135,CUST2135,PROD1335,2024-12-08,9,200.24,1802.16
ORD6136,CUST2136,PROD1336,2024-06-18,8,45.59,364.72
ORD6137,CUST2137,PROD1337,2023-05-03,4,42.19,168.76
ORD6138,CUST2138,PROD1338,2023-10-01,6,198.73,1192.38
ORD6139,CUST2139,PROD1339,2025-06-04,1,339.6,339.6
ORD6140,CUST2140,PROD1340,2022-11-16,8,72.73,581.84
ORD6141,CUST2141,PROD1341,2022-09-09,4,215.41,861.64
ORD6142,CUST2142,PROD1342,2022-12-22,8,91.74,733.92
ORD6143,CUST2143,PROD1343,2023-11-12,9,57.28,515.52
ORD6144,CUST2144,PROD1344,2025-05-24,5,155.31,776.55
ORD6145,CUST2145,PROD1345,2021-04-29,1,776.04,776.04
ORD6146,CUST2146,PROD1346,2024-11-10,3,269.9,809.7
ORD6147,CUST2147,PROD1347,2025-07-15,2,224.54,449.08
ORD6148,CUST2148,PROD1348,2022-07-02,5,211.38,1056.9
ORD6149,CUST2149,PROD1349,2025-04-22,9,64.8,583.2
ORD6150,CUST2150,PROD1350,2024-03-21,7,189.04,1323.28
ORD6151,CUST2151,PROD1351,2024-12-16,5,309.54,1547.7
ORD6152,CUST2152,PROD1352,2025-07-24,9,221.26,1991.34
ORD6153,CUST2153,PROD1353,2025-08-02,8,235.28,1882.24
ORD6154,CUST2154,PROD1354,2025-12-03,1,1010.74,1010.74
ORD6155,CUST2155,PROD1355,2023-06-23,1,38.46,38.46
ORD6156,CUST2156,PROD1356,2024-10-26,6,38.54,231.24
ORD6157,CUST2157,PROD1357,2023-10-25,4,373.1,1492.4
ORD6158,CUST2158,PROD1358,2025-06-29,7,150.26,1051.82
ORD6159,CUST2159,PROD1359,2025-07-26,8,183.51,1468.08
ORD6160,CUST2160,PROD1360,2023-11-24,3,348.89,1046.67
ORD6161,CUST2161,PROD1361,2022-03-06,9,113.81,1024.29
ORD6162,CUST2162,PROD1362,2021-04-15,6,25.64,153.84
ORD6163,CUST2163,PROD1363,2024-08-14,4,66.08,264.32
ORD6164,CUST2164,PROD1364,2023-10-26,6,177.6,1065.6
ORD6165,CUST2165,PROD1365,2022-04-21,4,408.87,1635.48
ORD6166,CUST2166,PROD1366,2023-03-25,8,86.47,691.76
ORD6167,CUST2167,PROD1367,2025-08-18,2,615.92,1231.84
ORD6168,CUST2168,PROD1368,2022-12-01,2,662.46,1324.92
ORD6169,CUST2169,PROD1369,2023-12-05,3,490.33,1470.99
ORD6170,CUST2170,PROD1370,2024-08-05,5,379.99,1899.95
ORD6171,CUST2171,PROD1371,2025-11-02,6,260.34,1562.04
ORD6172,CUST2172,PROD1372,2022-09-18,5,223.82,1119.1
ORD6173,CUST2173,PROD1373,2021-02-25,7,268.72,1881.04
ORD6174,CUST2174,PROD1374,2023-11-28,8,142.76,1142.08
ORD6175,CUST2175,PROD1375,2022-01-08,9,118.26,1064.34
ORD6176,CUST2176,PROD1376,2023-02-01,8,166.92,1335.36
ORD6177,CUST2177,PROD1377,2025-12-03,1,1356.12,1356.12
ORD6178,CUST2178,PROD1378,2025-08-19,6,328.73,1972.38
ORD6179,CUST2179,PROD1379,2023-07-21,9,38.73,348.57
ORD6180,CUST2180,PROD1380,2021-08-17,8,201.67,1613.36
ORD6181,CUST2181,PROD1381,2023-11-27,4,8.3,33.2
ORD6182,CUST2182,PROD1382,2024-03-17,9,130.65,1175.85
ORD6183,CUST2183,PROD1383,2023-10-22,3,299.8,899.4
ORD6184,CUST2184,PROD1384,2022-04-11,2,321.99,643.98
ORD6185,CUST2185,PROD1385,2023-01-02,2,409.8,819.6
ORD6186,CUST2186,PROD1386,2023-07-07,9,119.69,1077.21
ORD6187,CUST2187,PROD1387,2023-11-29,2,632.36,1264.72
ORD6188,CUST2188,PROD1388,2023-09-18,2,332.94,665.88
ORD6189,CUST2189,PROD1389,2024-03-11,5,378.98,1894.9
ORD6190,CUST2190,PROD1390,2023-06-02,3,601.94,1805.82
ORD6191,CUST2191,PROD1391,2024-01-25,8,76.39,611.12
ORD6192,CUST2192,PROD1392,2021-10-07,6,247.03,1482.18
ORD6193,CUST2193,PROD1393,2024-08-01,4,215.7,862.8
ORD6194,CUST2194,PROD1394,2025-10-08,4,474.15,1896.6
ORD6195,CUST2195,PROD1395,2023-02-07,5,6.64,33.2
ORD6196,CUST2196,PROD1396,2024-04-19,2,757.47,1514.94
ORD6197,CUST2197,PROD1397,2023-06-07,5,384.35,1921.75
ORD6198,CUST2198,PROD1398,2023-04-19,4,252.19,1008.76
ORD6199,CUST2199,PROD1399,2023-10-31,3,561.99,1685.97
ORD6200,CUST2200,PROD1400,2023-04-11,3,156.84,470.52
ORD6201,CUST2201,PROD1401,2023-12-09,1,948.96,948.96
ORD6202,CUST2202,PROD1402,2021-12-16,9,217.24,1955.16
ORD6203,CUST2203,PROD1403,2023-08-10,6,197.39,1184.34
ORD6204,CUST2204,PROD1404,2024-01-03,7,99.21,694.47
ORD6205,CUST2205,PROD1405,2024-02-03,9,176.86,1591.74
ORD6206,CUST2206,PROD1406,2024-01-12,5,259.64,1298.2
ORD6207,CUST2207,PROD1407,2023-12-27,3,581.93,1745.79
ORD6208,CUST2208,PROD1408,2022-11-28,1,297.19,297.19
ORD6209,CUST2209,PROD1409,2025-09-05,2,349.74,699.48
ORD6210,CUST2210,PROD1410,2025-03-22,1,603.4,603.4
ORD6211,CUST2211,PROD1411,2022-10-22,4,88.5,354.0
ORD6212,CUST2212,PROD1412,2024-11-05,8,144.34,1154.72
ORD6213,CUST2213,PROD1413,2024-01-20,2,927.7,1855.4
ORD6214,CUST2214,PROD1414,2023-05-20,8,3.64,29.12
ORD6215,CUST2215,PROD1415,2023-05-12,4,98.84,395.36
ORD6216,CUST2216,PROD1416,2023-07-02,9,121.81,1096.29
ORD6217,CUST2217,PROD1417,2024-11-15,3,204.64,613.92
ORD6218,CUST2218,PROD1418,2024-11-20,9,168.35,1515.15
ORD6219,CUST2219,PROD1419,2022-04-05,5,240.51,1202.55
ORD6220,CUST2220,PROD1420,2025-02-01,6,13.55,81.3
ORD6221,CUST2221,PROD1421,2023-04-28,3,352.52,1057.56
ORD6222,CUST2222,PROD1422,2022-08-29,3,640.56,1921.68
ORD6223,CUST2223,PROD1423,2024-03-23,3,212.95,638.85
ORD6224,CUST2224,PROD1424,2023-07-10,7,161.64,1131.48
ORD6225,CUST2225,PROD1425,2024-11-26,9,144.78,1303.02
ORD6226,CUST2226,PROD1426,2024-12-01,8,222.44,1779.52
ORD6227,CUST2227,PROD1427,2022-12-30,7,29.69,207.83
ORD6228,CUST2228,PROD1428,2025-03-14,8,101.16,809.28
ORD6229,CUST2229,PROD1429,2024-02-23,6,167.51,1005.06
ORD6230,CUST2230,PROD1430,2023-11-25,3,108.05,324.15
ORD6231,CUST2231,PROD1431,2025-07-23,6,332.43,1994.58
ORD6232,CUST2232,PROD1432,2020-12-22,2,680.64,1361.28
ORD6233,CUST2233,PROD1433,2023-11-28,7,255.08,1785.56
ORD6234,CUST2234,PROD1434,2021-07-20,7,114.89,804.23
ORD6235,CUST2235,PROD1435,2024-03-25,6,192.6,1155.6
ORD6236,CUST2236,PROD1436,2024-05-05,3,138.94,416.82
ORD6237,CUST2237,PROD1437,2025-01-31,1,1427.64,1427.64
ORD6238,CUST2238,PROD1438,2024-05-19,7,24.99,174.93
ORD6239,CUST2239,PROD1439,2023-11-25,3,61.64,184.92
ORD6240,CUST2240,PROD1440,2024-06-06,2,537.06,1074.12
ORD6241,CUST2241,PROD1441,2022-01-10,4,212.08,848.32
ORD6242,CUST2242,PROD1442,2025-07-03,4,243.58,974.32
ORD6243,CUST2243,PROD1443,2024-01-05,2,992.4,1984.8
ORD6244,CUST2244,PROD1444,2024-01-10,1,610.13,610.13
ORD6245,CUST2245,PROD1445,2023-09-16,9,61.51,553.59
ORD6246,CUST2246,PROD1446,2024-08-14,2,699.76,1399.52
ORD6247,CUST2247,PROD1447,2025-07-05,1,1111.66,1111.66
ORD6248,CUST2248,PROD1448,2025-03-16,9,43.79,394.11
ORD6249,CUST2249,PROD1449,2023-02-08,6,27.02,162.12
ORD6250,CUST2250,PROD1450,2023-05-07,4,124.78,499.12
ORD6251,CUST2251,PROD1451,2021-07-19,6,169.03,1014.18
ORD6252,CUST2252,PROD1452,2024-02-22,2,133.46,266.92
ORD6253,CUST2253,PROD1453,2023-09-07,8,4.87,38.96
ORD6254,CUST2254,PROD1454,2021-10-16,1,526.33,526.33
ORD6255,CUST2255,PROD1455,2022-11-09,3,654.83,1964.49
ORD6256,CUST2256,PROD1456,2022-03-12,3,328.15,984.45
ORD6257,CUST2257,PROD1457,2023-12-17,4,106.11,424.44
ORD6258,CUST2258,PROD1458,2024-09-24,3,102.14,306.42
ORD6259,CUST2259,PROD1459,2021-03-27,7,194.13,1358.91
ORD6260,CUST2260,PROD1460,2023-11-09,6,193.65,1161.9
ORD6261,CUST2261,PROD1461,2025-02-26,6,35.03,210.18
ORD6262,CUST2262,PROD1462,2023-01-10,3,30.41,91.23
ORD6263,CUST2263,PROD1463,2025-06-04,3,375.98,1127.94
ORD6264,CUST2264,PROD1464,2024-05-30,2,289.06,578.12
ORD6265,CUST2265,PROD1465,2022-10-08,3,124.07,372.21
ORD6266,CUST2266,PROD1466,2023-06-03,2,563.9,1127.8
ORD6267,CUST2267,PROD1467,2024-04-17,6,198.64,1191.84
ORD6268,CUST2268,PROD1468,2021-11-09,8,248.56,1988.48
ORD6269,CUST2269,PROD1469,2024-01-17,7,218.97,1532.79
ORD6270,CUST2270,PROD1470,2023-08-10,1,915.31,915.31
ORD6271,CUST2271,PROD1471,2022-10-17,3,323.13,969.39
ORD6272,CUST2272,PROD1472,2025-04-16,8,50.14,401.12
ORD6273,CUST2273,PROD1473,2021-07-29,1,1991.63,1991.63
ORD6274,CUST2274,PROD1474,2024-10-11,3,382.55,1147.65
ORD6275,CUST2275,PROD1475,2025-03-08,5,29.84,149.2
ORD6276,CUST2276,PROD1476,2022-06-12,6,140.01,840.06
ORD6277,CUST2277,PROD1477,2024-02-26,5,32.62,163.1
ORD6278,CUST2278,PROD1478,2024-01-26,3,529.1,1587.3
ORD6279,CUST2279,PROD1479,2025-05-08,6,10.29,61.74
ORD6280,CUST2280,PROD1480,2024-09-10,8,142.15,1137.2
ORD6281,CUST2281,PROD1481,2025-08-19,9,145.91,1313.19
ORD6282,CUST2282,PROD1482,2024-08-08,5,105.25,526.25
ORD6283,CUST2283,PROD1483,2023-08-13,6,97.62,585.72
ORD6284,CUST2284,PROD1484,2024-11-20,9,214.28,1928.52
ORD6285,CUST2285,PROD1485,2025-09-05,5,203.87,1019.35
ORD6286,CUST2286,PROD1486,2022-10-24,7,104.25,729.75
ORD6287,CUST2287,PROD1487,2024-11-05,8,42.2,337.6
ORD6288,CUST2288,PROD1488,2023-05-28,4,417.98,1671.92
ORD6289,CUST2289,PROD1489,2024-09-26,6,115.36,692.16
ORD6290,CUST2290,PROD1490,2024-05-29,6,51.56,309.36
ORD6291,CUST2291,PROD1491,2023-05-07,4,201.74,806.96
ORD6292,CUST2292,PROD1492,2023-02-17,5,5.47,27.35
ORD6293,CUST2293,PROD1493,2022-06-12,9,90.05,810.45
ORD6294,CUST2294,PROD1494,2025-06-01,6,96.8,580.8
ORD6295,CUST2295,PROD1495,2024-05-20,6,242.91,1457.46
ORD6296,CUST2296,PROD1496,2024-05-26,4,346.43,1385.72
ORD6297,CUST2297,PROD1497,2025-05-03,5,272.76,1363.8
ORD6298,CUST2298,PROD1498,2024-03-17,2,125.7,251.4
ORD6299,CUST2299,PROD1499,2023-01-14,8,71.6,572.8
ORD6300,CUST2300,PROD1500,2023-04-06,4,182.98,731.92
ORD6301,CUST2301,PROD1501,2023-12-17,1,45.81,45.81
ORD6302,CUST2302,PROD1502,2022-11-19,6,221.45,1328.7
ORD6303,CUST2303,PROD1503,2024-01-13,8,185.94,1487.52
ORD6304,CUST2304,PROD1504,2022-02-22,2,842.3,1684.6
ORD6305,CUST2305,PROD1505,2022-08-05,1,1871.19,1871.19
ORD6306,CUST2306,PROD1506,2024-12-18,2,618.69,1237.38
ORD6307,CUST2307,PROD1507,2021-11-28,7,165.97,1161.79
ORD6308,CUST2308,PROD1508,2023-11-20,7,241.95,1693.65
ORD6309,CUST2309,PROD1509,2024-09-07,8,207.24,1657.92
ORD6310,CUST2310,PROD1510,2024-07-03,3,428.21,1284.63
ORD6311,CUST2311,PROD1511,2024-10-08,7,224.13,1568.91
ORD6312,CUST2312,PROD1512,2025-04-16,8,77.19,617.52
ORD6313,CUST2313,PROD1513,2024-05-09,2,64.16,128.32
ORD6314,CUST2314,PROD1514,2025-12-07,3,618.94,1856.82
ORD6315,CUST2315,PROD1515,2025-08-18,5,86.78,433.9
ORD6316,CUST2316,PROD1516,2022-07-18,6,266.0,1596.0
ORD6317,CUST2317,PROD1517,2022-02-03,6,195.92,1175.52
ORD6318,CUST2318,PROD1518,2023-06-21,9,136.75,1230.75
ORD6319,CUST2319,PROD1519,2022-08-28,3,7.43,22.29
ORD6320,CUST2320,PROD1520,2025-03-15,2,691.59,1383.18
ORD6321,CUST2321,PROD1521,2022-03-29,2,500.26,1000.52
ORD6322,CUST2322,PROD1522,2023-05-05,8,221.95,1775.6
ORD6323,CUST2323,PROD1523,2024-08-15,3,381.19,1143.57
ORD6324,CUST2324,PROD1524,2023-08-20,1,255.16,255.16
ORD6325,CUST2325,PROD1525,2021-12-20,7,197.79,1384.53
ORD6326,CUST2326,PROD1526,2024-10-04,7,147.52,1032.64
ORD6327,CUST2327,PROD1527,2023-05-16,4,65.92,263.68
ORD6328,CUST2328,PROD1528,2025-04-06,2,949.4,1898.8
ORD6329,CUST2329,PROD1529,2023-02-05,1,1629.13,1629.13
ORD6330,CUST2330,PROD1530,2025-10-02,5,110.64,553.2
ORD6331,CUST2331,PROD1531,2025-05-25,7,119.46,836.22
ORD6332,CUST2332,PROD1532,2022-01-23,2,258.65,517.3
ORD6333,CUST2333,PROD1533,2022-12-12,2,690.54,1381.08
ORD6334,CUST2334,PROD1534,2024-09-09,8,68.17,545.36
ORD6335,CUST2335,PROD1535,2023-05-06,2,172.68,345.36
ORD6336,CUST2336,PROD1536,2024-09-03,6,330.61,1983.66
ORD6337,CUST2337,PROD1537,2025-07-16,9,71.44,642.96
ORD6338,CUST2338,PROD1538,2023-02-05,7,253.84,1776.88
ORD6339,CUST2339,PROD1539,2025-05-22,6,309.98,1859.88
ORD6340,CUST2340,PROD1540,2022-07-02,2,879.8,1759.6
ORD6341,CUST2341,PROD1541,2023-11-04,8,50.77,406.16
ORD6342,CUST2342,PROD1542,2022-11-26,3,542.24,1626.72
ORD6343,CUST2343,PROD1543,2025-02-17,6,54.93,329.58
ORD6344,CUST2344,PROD1544,2023-01-03,5,184.96,924.8
ORD6345,CUST2345,PROD1545,2023-12-07,9,144.7,1302.3
ORD6346,CUST2346,PROD1546,2022-07-20,3,622.99,1868.97
ORD6347,CUST2347,PROD1547,2024-06-30,7,175.45,1228.15
ORD6348,CUST2348,PROD1548,2025-01-22,9,212.73,1914.57
ORD6349,CUST2349,PROD1549,2021-08-22,9,119.35,1074.15
ORD6350,CUST2350,PROD1550,2024-08-03,6,151.31,907.86
ORD6351,CUST2351,PROD1551,2024-08-05,3,445.52,1336.56
ORD6352,CUST2352,PROD1552,2025-06-05,1,1700.0,1700.0
ORD6353,CUST2353,PROD1553,2023-11-04,7,22.68,158.76
ORD6354,CUST2354,PROD1554,2025-03-25,4,20.48,81.92
ORD6355,CUST2355,PROD1555,2025-02-02,8,169.2,1353.6
ORD6356,CUST2356,PROD1556,2025-09-06,2,167.54,335.08
ORD6357,CUST2357,PROD1557,2023-09-16,9,111.39,1002.51
ORD6358,CUST2358,PROD1558,2025-08-16,9,188.9,1700.1
ORD6359,CUST2359,PROD1559,2024-10-25,3,324.54,973.62
ORD6360,CUST2360,PROD1560,2025-09-02,9,62.99,566.91
ORD6361,CUST2361,PROD1561,2023-07-24,4,471.05,1884.2
ORD6362,CUST2362,PROD1562,2025-07-24,8,23.01,184.08
ORD6363,CUST2363,PROD1563,2025-12-04,6,115.09,690.54
ORD6364,CUST2364,PROD1564,2022-01-15,1,1588.58,1588.58
ORD6365,CUST2365,PROD1565,2023-05-14,7,130.33,912.31
ORD6366,CUST2366,PROD1566,2022-09-27,7,12.04,84.28
ORD6367,CUST2367,PROD1567,2025-03-08,1,246.03,246.03
ORD6368,CUST2368,PROD1568,2023-07-26,1,908.2,908.2
ORD6369,CUST2369,PROD1569,2021-12-30,9,150.0,1350.0
ORD6370,CUST2370,PROD1570,2024-04-05,5,142.08,710.4
ORD6371,CUST2371,PROD1571,2021-08-06,5,379.56,1897.8
ORD6372,CUST2372,PROD1572,2024-11-07,5,102.98,514.9
ORD6373,CUST2373,PROD1573,2024-09-15,7,253.18,1772.26
ORD6374,CUST2374,PROD1574,2023-06-18,3,194.77,584.31
ORD6375,CUST2375,PROD1575,2025-01-21,1,684.85,684.85
ORD6376,CUST2376,PROD1576,2025-05-19,5,79.84,399.2
ORD6377,CUST2377,PROD1577,2024-07-13,9,59.01,531.09
ORD6378,CUST2378,PROD1578,2025-07-07,2,291.0,582.0
ORD6379,CUST2379,PROD1579,2022-08-29,7,159.4,1115.8
ORD6380,CUST2380,PROD1580,2024-10-22,1,755.57,755.57
ORD6381,CUST2381,PROD1581,2024-10-27,9,191.24,1721.16
ORD6382,CUST2382,PROD1582,2023-10-21,1,161.58,161.58
ORD6383,CUST2383,PROD1583,2025-07-01,8,15.82,126.56
ORD6384,CUST2384,PROD1584,2024-01-09,2,796.22,1592.44
ORD6385,CUST2385,PROD1585,2024-07-14,4,205.61,822.44
ORD6386,CUST2386,PROD1586,2025-05-01,3,271.7,815.1
ORD6387,CUST2387,PROD1587,2023-11-25,6,46.96,281.76
ORD6388,CUST2388,PROD1588,2024-09-25,1,1221.69,1221.69
ORD6389,CUST2389,PROD1589,2024-03-01,3,423.54,1270.62
ORD6390,CUST2390,PROD1590,2024-06-30,9,179.2,1612.8
ORD6391,CUST2391,PROD1591,2021-05-25,4,37.03,148.12
ORD6392,CUST2392,PROD1592,2021-03-07,8,118.63,949.04
ORD6393,CUST2393,PROD1593,2024-08-09,5,259.76,1298.8
ORD6394,CUST2394,PROD1594,2024-06-16,5,169.48,847.4
ORD6395,CUST2395,PROD1595,2024-04-02,9,99.51,895.59
ORD6396,CUST2396,PROD1596,2025-01-18,1,1615.8,1615.8
ORD6397,CUST2397,PROD1597,2025-02-25,1,1785.74,1785.74
ORD6398,CUST2398,PROD1598,2022-05-11,7,83.28,582.96
ORD6399,CUST2399,PROD1599,2023-04-05,9,43.76,393.84
ORD6400,CUST2400,PROD1600,2024-09-11,4,415.22,1660.88
ORD6401,CUST2401,PROD1601,2024-09-15,6,261.32,1567.92
ORD6402,CUST2402,PROD1602,2023-10-28,3,266.39,799.17
ORD6403,CUST2403,PROD1603,2021-10-11,8,132.31,1058.48
ORD6404,CUST2404,PROD1604,2023-05-27,5,384.68,1923.4
ORD6405,CUST2405,PROD1605,2023-02-18,1,1914.38,1914.38
ORD6406,CUST2406,PROD1606,2023-07-15,2,679.41,1358.82
ORD6407,CUST2407,PROD1607,2021-11-11,3,145.38,436.14
ORD6408,CUST2408,PROD1608,2021-04-18,7,219.08,1533.56
ORD6409,CUST2409,PROD1609,2021-09-15,7,90.87,636.09
ORD6410,CUST2410,PROD1610,2024-06-14,2,36.01,72.02
ORD6411,CUST2411,PROD1611,2024-08-13,5,388.06,1940.3
ORD6412,CUST2412,PROD1612,2025-03-23,4,81.82,327.28
ORD6413,CUST2413,PROD1613,2025-08-05,8,107.4,859.2
ORD6414,CUST2414,PROD1614,2024-01-05,3,656.65,1969.95
ORD6415,CUST2415,PROD1615,2024-12-17,8,213.07,1704.56
ORD6416,CUST2416,PROD1616,2024-08-10,6,259.9,1559.4
ORD6417,CUST2417,PROD1617,2024-12-19,1,1499.25,1499.25
ORD6418,CUST2418,PROD1618,2024-06-21,9,161.93,1457.37
ORD6419,CUST2419,PROD1619,2025-08-17,8,229.55,1836.4
ORD6420,CUST2420,PROD1620,2024-04-25,1,298.18,298.18
ORD6421,CUST2421,PROD1621,2024-12-11,1,1299.21,1299.21
ORD6422,CUST2422,PROD1622,2022-05-07,7,172.69,1208.83
ORD6423,CUST2423,PROD1623,2024-03-02,3,479.12,1437.36
ORD6424,CUST2424,PROD1624,2023-10-21,8,140.61,1124.88
ORD6425,CUST2425,PROD1625,2022-05-21,7,208.33,1458.31
ORD6426,CUST2426,PROD1626,2024-05-26,9,100.62,905.58
ORD6427,CUST2427,PROD1627,2023-04-13,8,6.64,53.12
ORD6428,CUST2428,PROD1628,2024-08-01,8,131.34,1050.72
ORD6429,CUST2429,PROD1629,2024-04-09,1,1092.39,1092.39
ORD6430,CUST2430,PROD1630,2023-05-11,4,409.65,1638.6
ORD6431,CUST2431,PROD1631,2023-11-17,4,155.73,622.92
ORD6432,CUST2432,PROD1632,2024-11-23,8,226.08,1808.64
ORD6433,CUST2433,PROD1633,2024-05-05,1,1695.0,1695.0
ORD6434,CUST2434,PROD1634,2023-09-17,7,100.53,703.71
ORD6435,CUST2435,PROD1635,2024-06-11,2,751.06,1502.12
ORD6436,CUST2436,PROD1636,2024-02-20,2,454.17,908.34
ORD6437,CUST2437,PROD1637,2023-09-16,4,299.3,1197.2
ORD6438,CUST2438,PROD1638,2024-07-26,1,234.74,234.74
ORD6439,CUST2439,PROD1639,2023-02-03,6,221.69,1330.14
ORD6440,CUST2440,PROD1640,2022-11-03,2,744.56,1489.12
ORD6441,CUST2441,PROD1641,2021-04-12,3,400.07,1200.21
ORD6442,CUST2442,PROD1642,2024-03-12,3,390.99,1172.97
ORD6443,CUST2443,PROD1643,2022-02-02,4,111.28,445.12
ORD6444,CUST2444,PROD1644,2024-02-25,7,260.36,1822.52
ORD6445,CUST2445,PROD1645,2024-06-19,6,228.34,1370.04
ORD6446,CUST2446,PROD1646,2024-03-22,8,149.01,1192.08
ORD6447,CUST2447,PROD1647,2022-12-12,2,602.62,1205.24
ORD6448,CUST2448,PROD1648,2025-05-05,5,323.71,1618.55
ORD6449,CUST2449,PROD1649,2025-01-20,9,204.33,1838.97
ORD6450,CUST2450,PROD1650,2025-04-07,6,271.08,1626.48
ORD6451,CUST2451,PROD1651,2024-05-10,8,153.01,1224.08
ORD6452,CUST2452,PROD1652,2021-04-28,8,230.35,1842.8
ORD6453,CUST2453,PROD1653,2024-01-24,9,67.11,603.99
ORD6454,CUST2454,PROD1654,2021-04-23,6,17.4,104.4
ORD6455,CUST2455,PROD1655,2024-09-23,2,697.2,1394.4
ORD6456,CUST2456,PROD1656,2022-01-11,2,976.01,1952.02
ORD6457,CUST2457,PROD1657,2024-04-21,7,240.13,1680.91
ORD6458,CUST2458,PROD1658,2023-11-04,7,81.84,572.88
ORD6459,CUST2459,PROD1659,2021-04-27,7,126.39,884.73
ORD6460,CUST2460,PROD1660,2023-06-06,4,50.66,202.64
ORD6461,CUST2461,PROD1661,2023-04-20,1,1034.24,1034.24
ORD6462,CUST2462,PROD1662,2025-02-03,9,43.76,393.84
ORD6463,CUST2463,PROD1663,2024-07-12,9,85.89,773.01
ORD6464,CUST2464,PROD1664,2024-12-04,5,271.63,1358.15
ORD6465,CUST2465,PROD1665,2023-07-19,5,8.14,40.7
ORD6466,CUST2466,PROD1666,2021-02-10,2,594.86,1189.72
ORD6467,CUST2467,PROD1667,2023-11-16,4,170.65,682.6
ORD6468,CUST2468,PROD1668,2023-09-22,5,358.17,1790.85
ORD6469,CUST2469,PROD1669,2023-05-29,1,623.62,623.62
ORD6470,CUST2470,PROD1670,2024-02-16,1,666.92,666.92
ORD6471,CUST2471,PROD1671,2025-04-08,1,240.82,240.82
ORD6472,CUST2472,PROD1672,2023-04-30,7,72.58,508.06
ORD6473,CUST2473,PROD1673,2025-02-18,5,86.11,430.55
ORD6474,CUST2474,PROD1674,2022-07-10,4,28.47,113.88
ORD6475,CUST2475,PROD1675,2022-11-30,2,501.52,1003.04
ORD6476,CUST2476,PROD1676,2024-07-05,2,916.46,1832.92
ORD6477,CUST2477,PROD1677,2023-12-07,5,339.31,1696.55
ORD6478,CUST2478,PROD1678,2024-07-06,1,589.66,589.66
ORD6479,CUST2479,PROD1679,2021-03-19,7,214.73,1503.11
ORD6480,CUST2480,PROD1680,2024-08-21,1,913.56,913.56
ORD6481,CUST2481,PROD1681,2024-12-31,2,515.65,1031.3
ORD6482,CUST2482,PROD1682,2023-11-19,3,67.77,203.31
ORD6483,CUST2483,PROD1683,2025-07-15,4,485.61,1942.44
ORD6484,CUST2484,PROD1684,2024-11-21,2,176.45,352.9
ORD6485,CUST2485,PROD1685,2023-04-07,6,8.27,49.62
ORD6486,CUST2486,PROD1686,2025-10-02,4,407.74,1630.96
ORD6487,CUST2487,PROD1687,2023-05-21,5,348.65,1743.25
ORD6488,CUST2488,PROD1688,2022-12-14,7,123.75,866.25
ORD6489,CUST2489,PROD1689,2022-02-04,4,187.84,751.36
ORD6490,CUST2490,PROD1690,2024-04-14,4,204.11,816.44
ORD6491,CUST2491,PROD1691,2024-08-17,8,130.04,1040.32
ORD6492,CUST2492,PROD1692,2023-05-04,4,328.35,1313.4
ORD6493,CUST2493,PROD1693,2024-10-09,6,181.01,1086.06
ORD6494,CUST2494,PROD1694,2022-09-15,8,20.16,161.28
ORD6495,CUST2495,PROD1695,2024-12-31,7,198.39,1388.73
ORD6496,CUST2496,PROD1696,2023-02-03,5,193.9,969.5
ORD6497,CUST2497,PROD1697,2023-07-19,2,413.8,827.6
ORD6498,CUST2498,PROD1698,2024-07-26,2,341.64,683.28
ORD6499,CUST2499,PROD1699,2023-02-06,3,388.6,1165.8
ORD6500,CUST2500,PROD1700,2023-07-03,5,187.87,939.35
ORD6501,CUST2501,PROD1701,2023-03-23,3,618.99,1856.97
ORD6502,CUST2502,PROD1702,2022-12-03,1,1155.2,1155.2
ORD6503,CUST2503,PROD1703,2024-11-30,9,82.63,743.67
ORD6504,CUST2504,PROD1704,2024-07-02,4,262.1,1048.4
ORD6505,CUST2505,PROD1705,2022-02-10,2,738.66,1477.32
ORD6506,CUST2506,PROD1706,2024-05-03,8,2.91,23.28
ORD6507,CUST2507,PROD1707,2023-11-30,4,486.08,1944.32
ORD6508,CUST2508,PROD1708,2025-04-22,6,62.6,375.6
ORD6509,CUST2509,PROD1709,2022-10-30,1,522.52,522.52
ORD6510,CUST2510,PROD1710,2023-06-08,5,30.67,153.35
ORD6511,CUST2511,PROD1711,2022-04-26,8,224.96,1799.68
ORD6512,CUST2512,PROD1712,2023-02-15,9,2.85,25.65
ORD6513,CUST2513,PROD1713,2023-04-11,2,571.46,1142.92
ORD6514,CUST2514,PROD1714,2024-12-26,2,558.66,1117.32
ORD6515,CUST2515,PROD1715,2025-09-04,5,34.92,174.6
ORD6516,CUST2516,PROD1716,2022-04-29,6,316.57,1899.42
ORD6517,CUST2517,PROD1717,2025-06-18,5,243.66,1218.3
ORD6518,CUST2518,PROD1718,2022-07-29,9,158.84,1429.56
ORD6519,CUST2519,PROD1719,2025-03-04,7,30.74,215.18
ORD6520,CUST2520,PROD1720,2024-03-23,2,793.8,1587.6
ORD6521,CUST2521,PROD1721,2023-10-14,6,292.99,1757.94
ORD6522,CUST2522,PROD1722,2022-11-29,2,341.04,682.08
ORD6523,CUST2523,PROD1723,2024-03-21,7,205.75,1440.25
ORD6524,CUST2524,PROD1724,2024-04-29,7,126.42,884.94
ORD6525,CUST2525,PROD1725,2025-03-22,6,205.06,1230.36
ORD6526,CUST2526,PROD1726,2025-05-05,2,87.18,174.36
ORD6527,CUST2527,PROD1727,2024-05-21,7,40.23,281.61
ORD6528,CUST2528,PROD1728,2023-01-12,5,375.8,1879.0
ORD6529,CUST2529,PROD1729,2024-10-03,5,277.5,1387.5
ORD6530,CUST2530,PROD1730,2023-10-24,8,122.48,979.84
ORD6531,CUST2531,PROD1731,2023-09-27,4,114.92,459.68
ORD6532,CUST2532,PROD1732,2024-10-07,1,292.53,292.53
ORD6533,CUST2533,PROD1733,2025-02-05,3,239.23,717.69
ORD6534,CUST2534,PROD1734,2022-12-28,3,120.66,361.98
ORD6535,CUST2535,PROD1735,2024-08-17,9,129.0,1161.0
ORD6536,CUST2536,PROD1736,2024-02-09,9,184.41,1659.69
ORD6537,CUST2537,PROD1737,2023-12-31,6,90.24,541.44
ORD6538,CUST2538,PROD1738,2023-03-04,4,135.02,540.08
ORD6539,CUST2539,PROD1739,2023-09-14,6,73.1,438.6
ORD6540,CUST2540,PROD1740,2021-01-24,2,314.7,629.4
ORD6541,CUST2541,PROD1741,2024-02-01,3,195.83,587.49
ORD6542,CUST2542,PROD1742,2024-10-22,8,226.27,1810.16
ORD6543,CUST2543,PROD1743,2021-07-30,3,486.7,1460.1
ORD6544,CUST2544,PROD1744,2024-05-16,3,588.03,1764.09
ORD6545,CUST2545,PROD1745,2024-02-14,2,841.79,1683.58
ORD6546,CUST2546,PROD1746,2024-07-29,1,151.42,151.42
ORD6547,CUST2547,PROD1747,2021-05-18,4,263.28,1053.12
ORD6548,CUST2548,PROD1748,2025-01-24,8,129.67,1037.36
ORD6549,CUST2549,PROD1749,2024-06-11,1,1735.82,1735.82
ORD6550,CUST2550,PROD1750,2023-06-26,4,89.49,357.96
ORD6551,CUST2551,PROD1751,2023-11-28,8,84.45,675.6
ORD6552,CUST2552,PROD1752,2021-12-11,7,101.16,708.12
ORD6553,CUST2553,PROD1753,2024-04-28,4,274.23,1096.92
ORD6554,CUST2554,PROD1754,2024-08-02,9,62.25,560.25
ORD6555,CUST2555,PROD1755,2024-06-08,5,323.67,1618.35
ORD6556,CUST2556,PROD1756,2024-03-21,1,960.43,960.43
ORD6557,CUST2557,PROD1757,2022-11-25,4,16.74,66.96
ORD6558,CUST2558,PROD1758,2023-09-15,6,202.24,1213.44
ORD6559,CUST2559,PROD1759,2025-09-08,8,143.16,1145.28
ORD6560,CUST2560,PROD1760,2024-04-13,1,1785.86,1785.86
ORD6561,CUST2561,PROD1761,2025-03-07,5,328.43,1642.15
ORD6562,CUST2562,PROD1762,2023-09-04,3,298.07,894.21
ORD6563,CUST2563,PROD1763,2022-09-14,1,506.96,506.96
ORD6564,CUST2564,PROD1764,2025-07-20,4,234.68,938.72
ORD6565,CUST2565,PROD1765,2023-09-04,3,346.97,1040.91
ORD6566,CUST2566,PROD1766,2022-11-20,5,347.84,1739.2
ORD6567,CUST2567,PROD1767,2021-07-09,8,121.64,973.12
ORD6568,CUST2568,PROD1768,2023-07-26,6,323.96,1943.76
ORD6569,CUST2569,PROD1769,2022-11-10,9,171.03,1539.27
ORD6570,CUST2570,PROD1770,2024-12-03,2,46.66,93.32
ORD6571,CUST2571,PROD1771,2023-10-05,8,87.07,696.56
ORD6572,CUST2572,PROD1772,2022-06-10,7,169.39,1185.73
ORD6573,CUST2573,PROD1773,2023-01-01,7,206.04,1442.28
ORD6574,CUST2574,PROD1774,2023-12-02,9,131.98,1187.82
ORD6575,CUST2575,PROD1775,2024-12-27,2,22.25,44.5
ORD6576,CUST2576,PROD1776,2025-05-18,6,124.98,749.88
ORD6577,CUST2577,PROD1777,2024-04-01,5,265.51,1327.55
ORD6578,CUST2578,PROD1778,2021-03-31,9,219.54,1975.86
ORD6579,CUST2579,PROD1779,2023-04-08,5,255.15,1275.75
ORD6580,CUST2580,PROD1780,2021-05-26,7,264.99,1854.93
ORD6581,CUST2581,PROD1781,2022-05-05,6,253.66,1521.96
ORD6582,CUST2582,PROD1782,2024-09-23,3,215.04,645.12
ORD6583,CUST2583,PROD1783,2024-11-07,1,1226.37,1226.37
ORD6584,CUST2584,PROD1784,2024-03-17,5,31.81,159.05
ORD6585,CUST2585,PROD1785,2024-03-11,1,966.86,966.86
ORD6586,CUST2586,PROD1786,2025-01-05,6,196.24,1177.44
ORD6587,CUST2587,PROD1787,2023-11-13,7,279.32,1955.24
ORD6588,CUST2588,PROD1788,2024-08-08,8,125.73,1005.84
ORD6589,CUST2589,PROD1789,2024-07-03,3,480.9,1442.7
ORD6590,CUST2590,PROD1790,2024-12-23,5,359.75,1798.75
ORD6591,CUST2591,PROD1791,2025-03-21,7,159.41,1115.87
ORD6592,CUST2592,PROD1792,2022-03-13,2,623.01,1246.02
ORD6593,CUST2593,PROD1793,2022-09-02,4,171.77,687.08
ORD6594,CUST2594,PROD1794,2024-10-05,3,140.03,420.09
ORD6595,CUST2595,PROD1795,2024-10-17,5,222.75,1113.75
ORD6596,CUST2596,PROD1796,2022-12-20,2,867.89,1735.78
ORD6597,CUST2597,PROD1797,2023-10-12,2,426.44,852.88
ORD6598,CUST2598,PROD1798,2022-08-13,5,274.02,1370.1
ORD6599,CUST2599,PROD1799,2025-05-18,6,222.6,1335.6
ORD6600,CUST2600,PROD1800,2023-06-17,9,177.18,1594.62
ORD6601,CUST2601,PROD1801,2023-02-23,2,506.88,1013.76
ORD6602,CUST2602,PROD1802,2021-04-06,8,142.16,1137.28
ORD6603,CUST2603,PROD1803,2025-07-15,6,186.9,1121.4
ORD6604,CUST2604,PROD1804,2023-03-18,8,46.03,368.24
ORD6605,CUST2605,PROD1805,2024-04-15,7,119.98,839.86
ORD6606,CUST2606,PROD1806,2023-06-09,1,428.32,428.32
ORD6607,CUST2607,PROD1807,2023-11-11,4,434.76,1739.04
ORD6608,CUST2608,PROD1808,2023-02-03,1,823.43,823.43
ORD6609,CUST2609,PROD1809,2022-08-27,4,457.86,1831.44
ORD6610,CUST2610,PROD1810,2023-02-26,7,101.26,708.82
ORD6611,CUST2611,PROD1811,2025-04-30,6,96.22,577.32
ORD6612,CUST2612,PROD1812,2024-04-09,5,231.8,1159.0
ORD6613,CUST2613,PROD1813,2024-07-26,5,322.05,1610.25
ORD6614,CUST2614,PROD1814,2021-06-26,6,69.27,415.62
ORD6615,CUST2615,PROD1815,2025-03-18,1,1699.62,1699.62
ORD6616,CUST2616,PROD1816,2024-03-12,7,260.12,1820.84
ORD6617,CUST2617,PROD1817,2023-03-16,8,161.93,1295.44
ORD6618,CUST2618,PROD1818,2024-03-08,7,191.99,1343.93
ORD6619,CUST2619,PROD1819,2024-09-18,9,91.6,824.4
ORD6620,CUST2620,PROD1820,2022-05-09,8,109.84,878.72
ORD6621,CUST2621,PROD1821,2025-06-01,2,502.39,1004.78
ORD6622,CUST2622,PROD1822,2024-01-28,9,201.65,1814.85
ORD6623,CUST2623,PROD1823,2024-07-18,4,418.77,1675.08
ORD6624,CUST2624,PROD1824,2023-08-29,2,642.34,1284.68
ORD6625,CUST2625,PROD1825,2025-07-01,2,935.56,1871.12
ORD6626,CUST2626,PROD1826,2022-02-09,4,339.15,1356.6
ORD6627,CUST2627,PROD1827,2023-07-06,4,375.92,1503.68
ORD6628,CUST2628,PROD1828,2022-01-08,1,1105.58,1105.58
ORD6629,CUST2629,PROD1829,2024-10-06,9,95.07,855.63
ORD6630,CUST2630,PROD1830,2024-12-26,8,166.35,1330.8
ORD6631,CUST2631,PROD1831,2024-02-10,4,476.29,1905.16
ORD6632,CUST2632,PROD1832,2022-12-30,3,498.96,1496.88
ORD6633,CUST2633,PROD1833,2025-05-14,4,212.7,850.8
ORD6634,CUST2634,PROD1834,2024-06-20,1,1839.2,1839.2
ORD6635,CUST2635,PROD1835,2025-09-07,4,317.92,1271.68
ORD6636,CUST2636,PROD1836,2023-08-17,9,125.84,1132.56
ORD6637,CUST2637,PROD1837,2023-09-16,8,53.62,428.96
ORD6638,CUST2638,PROD1838,2024-11-27,7,223.59,1565.13
ORD6639,CUST2639,PROD1839,2022-10-11,3,49.19,147.57
ORD6640,CUST2640,PROD1840,2024-04-24,7,211.0,1477.0
ORD6641,CUST2641,PROD1841,2022-09-23,2,905.81,1811.62
ORD6642,CUST2642,PROD1842,2023-06-06,8,97.72,781.76
ORD6643,CUST2643,PROD1843,2022-02-28,3,410.74,1232.22
ORD6644,CUST2644,PROD1844,2024-07-21,6,91.62,549.72
ORD6645,CUST2645,PROD1845,2024-11-06,5,173.84,869.2
ORD6646,CUST2646,PROD1846,2025-07-05,6,255.81,1534.86
ORD6647,CUST2647,PROD1847,2023-11-16,2,358.63,717.26
ORD6648,CUST2648,PROD1848,2023-11-12,4,12.28,49.12
ORD6649,CUST2649,PROD1849,2021-09-24,8,112.04,896.32
ORD6650,CUST2650,PROD1850,2024-12-10,1,1885.06,1885.06
ORD6651,CUST2651,PROD1851,2022-01-18,2,714.4,1428.8
ORD6652,CUST2652,PROD1852,2022-01-09,6,277.69,1666.14
ORD6653,CUST2653,PROD1853,2023-09-05,8,108.33,866.64
ORD6654,CUST2654,PROD1854,2021-07-10,1,1831.4,1831.4
ORD6655,CUST2655,PROD1855,2021-05-29,1,524.46,524.46
ORD6656,CUST2656,PROD1856,2025-05-05,3,351.58,1054.74
ORD6657,CUST2657,PROD1857,2025-08-20,9,79.3,713.7
ORD6658,CUST2658,PROD1858,2025-03-19,3,428.49,1285.47
ORD6659,CUST2659,PROD1859,2023-01-17,5,63.22,316.1
ORD6660,CUST2660,PROD1860,2022-02-10,8,137.12,1096.96
ORD6661,CUST2661,PROD1861,2023-07-12,3,209.09,627.27
ORD6662,CUST2662,PROD1862,2024-11-25,4,294.64,1178.56
ORD6663,CUST2663,PROD1863,2024-12-05,5,147.02,735.1
ORD6664,CUST2664,PROD1864,2023-11-09,6,327.61,1965.66
ORD6665,CUST2665,PROD1865,2024-05-08,2,823.69,1647.38
ORD6666,CUST2666,PROD1866,2024-02-25,7,20.04,140.28
ORD6667,CUST2667,PROD1867,2025-08-06,9,175.23,1577.07
ORD6668,CUST2668,PROD1868,2024-12-02,5,330.08,1650.4
ORD6669,CUST2669,PROD1869,2023-02-07,2,240.04,480.08
ORD6670,CUST2670,PROD1870,2022-04-12,9,3.68,33.12
ORD6671,CUST2671,PROD1871,2022-01-19,2,323.89,647.78
ORD6672,CUST2672,PROD1872,2025-12-06,9,29.26,263.34
ORD6673,CUST2673,PROD1873,2024-02-23,5,119.12,595.6
ORD6674,CUST2674,PROD1874,2023-04-23,8,156.26,1250.08
ORD6675,CUST2675,PROD1875,2024-10-26,6,135.47,812.82
ORD6676,CUST2676,PROD1876,2024-02-24,2,814.81,1629.62
ORD6677,CUST2677,PROD1877,2023-09-05,2,403.86,807.72
ORD6678,CUST2678,PROD1878,2024-01-20,6,163.55,981.3
ORD6679,CUST2679,PROD1879,2023-07-24,5,75.07,375.35
ORD6680,CUST2680,PROD1880,2022-09-04,8,118.64,949.12
ORD6681,CUST2681,PROD1881,2021-06-25,7,53.37,373.59
ORD6682,CUST2682,PROD1882,2024-05-04,6,101.28,607.68
ORD6683,CUST2683,PROD1883,2025-04-21,5,86.01,430.05
ORD6684,CUST2684,PROD1884,2024-11-26,5,306.85,1534.25
ORD6685,CUST2685,PROD1885,2025-06-18,3,177.19,531.57
ORD6686,CUST2686,PROD1886,2023-07-08,1,1804.28,1804.28
ORD6687,CUST2687,PROD1887,2025-03-15,4,25.63,102.52
ORD6688,CUST2688,PROD1888,2021-10-08,6,18.2,109.2
ORD6689,CUST2689,PROD1889,2024-03-19,5,200.74,1003.7
ORD6690,CUST2690,PROD1890,2025-08-20,6,301.07,1806.42
ORD6691,CUST2691,PROD1891,2023-06-15,3,383.59,1150.77
ORD6692,CUST2692,PROD1892,2024-05-22,5,159.88,799.4
ORD6693,CUST2693,PROD1893,2024-08-19,6,96.74,580.44
ORD6694,CUST2694,PROD1894,2025-01-14,8,147.04,1176.32
ORD6695,CUST2695,PROD1895,2024-12-30,9,67.84,610.56
ORD6696,CUST2696,PROD1896,2024-01-16,1,488.97,488.97
ORD6697,CUST2697,PROD1897,2024-02-27,7,257.6,1803.2
ORD6698,CUST2698,PROD1898,2022-11-07,2,200.49,400.98
ORD6699,CUST2699,PROD1899,2025-05-19,9,80.9,728.1
ORD6700,CUST2700,PROD1900,2024-05-17,9,157.67,1419.03
ORD6701,CUST2701,PROD1901,2024-01-16,8,104.98,839.84
ORD6702,CUST2702,PROD1902,2024-08-07,4,62.9,251.6
ORD6703,CUST2703,PROD1903,2025-04-22,3,145.29,435.87
ORD6704,CUST2704,PROD1904,2024-10-16,2,858.36,1716.72
ORD6705,CUST2705,PROD1905,2021-06-08,2,821.24,1642.48
ORD6706,CUST2706,PROD1906,2025-01-24,8,165.58,1324.64
ORD6707,CUST2707,PROD1907,2025-06-14,9,93.48,841.32
ORD6708,CUST2708,PROD1908,2024-12-10,8,227.54,1820.32
ORD6709,CUST2709,PROD1909,2025-04-20,6,259.94,1559.64
ORD6710,CUST2710,PROD1910,2024-09-02,8,232.0,1856.0
ORD6711,CUST2711,PROD1911,2024-04-09,7,184.92,1294.44
ORD6712,CUST2712,PROD1912,2025-05-21,6,186.91,1121.46
ORD6713,CUST2713,PROD1913,2025-09-04,9,82.59,743.31
ORD6714,CUST2714,PROD1914,2023-03-20,3,31.93,95.79
ORD6715,CUST2715,PROD1915,2024-05-13,4,244.96,979.84
ORD6716,CUST2716,PROD1916,2021-10-10,4,79.27,317.08
ORD6717,CUST2717,PROD1917,2025-01-22,9,27.61,248.49
ORD6718,CUST2718,PROD1918,2022-02-13,9,30.43,273.87
ORD6719,CUST2719,PROD1919,2023-08-03,2,870.22,1740.44
ORD6720,CUST2720,PROD1920,2025-05-26,9,175.59,1580.31
ORD6721,CUST2721,PROD1921,2024-06-04,4,362.98,1451.92
ORD6722,CUST2722,PROD1922,2024-01-22,3,473.31,1419.93
ORD6723,CUST2723,PROD1923,2024-09-29,6,156.06,936.36
ORD6724,CUST2724,PROD1924,2023-09-13,5,14.15,70.75
ORD6725,CUST2725,PROD1925,2021-06-13,8,164.04,1312.32
ORD6726,CUST2726,PROD1926,2021-05-30,3,206.77,620.31
ORD6727,CUST2727,PROD1927,2023-02-14,2,972.15,1944.3
ORD6728,CUST2728,PROD1928,2025-05-25,2,33.55,67.1
ORD6729,CUST2729,PROD1929,2023-07-03,4,227.4,909.6
ORD6730,CUST2730,PROD1930,2023-07-24,4,262.56,1050.24
ORD6731,CUST2731,PROD1931,2023-03-02,2,388.38,776.76
ORD6732,CUST2732,PROD1932,2025-08-04,9,157.06,1413.54
ORD6733,CUST2733,PROD1933,2025-06-25,5,171.09,855.45
ORD6734,CUST2734,PROD1934,2023-06-24,5,317.36,1586.8
ORD6735,CUST2735,PROD1935,2024-06-07,3,613.07,1839.21
ORD6736,CUST2736,PROD1936,2023-07-08,9,87.29,785.61
ORD6737,CUST2737,PROD1937,2022-10-17,5,90.99,454.95
ORD6738,CUST2738,PROD1938,2024-02-22,3,291.43,874.29
ORD6739,CUST2739,PROD1939,2023-09-16,1,407.69,407.69
ORD6740,CUST2740,PROD1940,2025-08-05,8,52.8,422.4
ORD6741,CUST2741,PROD1941,2020-10-17,1,248.17,248.17
ORD6742,CUST2742,PROD1942,2025-06-19,4,406.4,1625.6
ORD6743,CUST2743,PROD1943,2022-01-27,6,49.62,297.72
ORD6744,CUST2744,PROD1944,2022-01-17,6,194.3,1165.8
ORD6745,CUST2745,PROD1945,2023-01-27,7,141.25,988.75
ORD6746,CUST2746,PROD1946,2024-05-25,3,499.41,1498.23
ORD6747,CUST2747,PROD1947,2024-12-08,1,242.33,242.33
ORD6748,CUST2748,PROD1948,2023-08-19,1,946.91,946.91
ORD6749,CUST2749,PROD1949,2022-11-04,1,411.67,411.67
ORD6750,CUST2750,PROD1950,2025-07-03,8,177.74,1421.92
ORD6751,CUST2751,PROD1951,2022-12-11,3,500.06,1500.18
ORD6752,CUST2752,PROD1952,2024-01-29,3,397.85,1193.55
ORD6753,CUST2753,PROD1953,2024-01-25,5,48.17,240.85
ORD6754,CUST2754,PROD1954,2022-04-30,6,205.14,1230.84
ORD6755,CUST2755,PROD1955,2023-12-18,5,168.77,843.85
ORD6756,CUST2756,PROD1956,2023-07-08,6,246.43,1478.58
ORD6757,CUST2757,PROD1957,2025-02-08,5,292.64,1463.2
ORD6758,CUST2758,PROD1958,2025-09-03,5,203.28,1016.4
ORD6759,CUST2759,PROD1959,2023-09-04,2,931.8,1863.6
ORD6760,CUST2760,PROD1960,2023-07-18,9,117.18,1054.62
ORD6761,CUST2761,PROD1961,2022-02-07,7,39.66,277.62
ORD6762,CUST2762,PROD1962,2022-10-06,5,47.52,237.6
ORD6763,CUST2763,PROD1963,2025-07-29,9,165.16,1486.44
ORD6764,CUST2764,PROD1964,2024-05-01,2,28.8,57.6
ORD6765,CUST2765,PROD1965,2025-01-04,9,64.24,578.16
ORD6766,CUST2766,PROD1966,2025-06-30,2,493.6,987.2
ORD6767,CUST2767,PROD1967,2023-03-26,7,180.2,1261.4
ORD6768,CUST2768,PROD1968,2024-09-02,3,121.43,364.29
ORD6769,CUST2769,PROD1969,2023-01-14,3,322.7,968.1
ORD6770,CUST2770,PROD1970,2023-05-15,1,527.36,527.36
ORD6771,CUST2771,PROD1971,2024-09-11,9,101.44,912.96
ORD6772,CUST2772,PROD1972,2022-01-16,5,225.41,1127.05
ORD6773,CUST2773,PROD1973,2024-02-27,1,554.73,554.73
ORD6774,CUST2774,PROD1974,2023-12-06,3,641.76,1925.28
ORD6775,CUST2775,PROD1975,2023-09-28,9,116.39,1047.51
ORD6776,CUST2776,PROD1976,2023-09-13,3,277.09,831.27
ORD6777,CUST2777,PROD1977,2025-02-07,8,68.3,546.4
ORD6778,CUST2778,PROD1978,2024-05-06,2,978.54,1957.08
ORD6779,CUST2779,PROD1979,2024-12-11,1,1241.77,1241.77
ORD6780,CUST2780,PROD1980,2025-04-06,3,394.54,1183.62
ORD6781,CUST2781,PROD1981,2024-10-15,8,5.39,43.12
ORD6782,CUST2782,PROD1982,2025-01-19,8,120.41,963.28
ORD6783,CUST2783,PROD1983,2023-02-05,8,124.3,994.4
ORD6784,CUST2784,PROD1984,2021-10-23,2,179.9,359.8
ORD6785,CUST2785,PROD1985,2022-11-10,7,151.58,1061.06
ORD6786,CUST2786,PROD1986,2023-08-11,8,165.18,1321.44
ORD6787,CUST2787,PROD1987,2023-10-14,7,65.76,460.32
ORD6788,CUST2788,PROD1988,2025-03-30,9,123.74,1113.66
ORD6789,CUST2789,PROD1989,2021-05-29,4,62.2,248.8
ORD6790,CUST2790,PROD1990,2023-12-05,4,10.18,40.72
ORD6791,CUST2791,PROD1991,2025-05-06,7,178.14,1246.98
ORD6792,CUST2792,PROD1992,2025-02-22,1,821.69,821.69
ORD6793,CUST2793,PROD1993,2023-01-10,7,166.66,1166.62
ORD6794,CUST2794,PROD1994,2023-11-30,1,715.99,715.99
ORD6795,CUST2795,PROD1995,2025-01-30,1,1397.94,1397.94
ORD6796,CUST2796,PROD1996,2023-11-15,5,307.89,1539.45
ORD6797,CUST2797,PROD1997,2024-05-12,9,146.78,1321.02
ORD6798,CUST2798,PROD1998,2025-01-28,3,82.46,247.38
ORD6799,CUST2799,PROD1999,2021-11-10,4,406.43,1625.72
ORD6800,CUST2800,PROD2000,2022-04-05,2,871.44,1742.88
ORD6801,CUST2801,PROD2001,2025-06-21,8,204.5,1636.0
ORD6802,CUST2802,PROD2002,2021-12-14,2,390.24,780.48
ORD6803,CUST2803,PROD2003,2025-03-19,6,295.37,1772.22
ORD6804,CUST2804,PROD2004,2025-11-01,2,855.07,1710.14
ORD6805,CUST2805,PROD2005,2024-01-29,1,1595.97,1595.97
ORD6806,CUST2806,PROD2006,2023-03-03,3,139.58,418.74
ORD6807,CUST2807,PROD2007,2025-10-03,4,493.19,1972.76
ORD6808,CUST2808,PROD2008,2023-01-12,9,3.87,34.83
ORD6809,CUST2809,PROD2009,2022-08-16,3,646.02,1938.06
ORD6810,CUST2810,PROD2010,2025-04-23,6,331.29,1987.74
ORD6811,CUST2811,PROD2011,2024-04-05,5,95.93,479.65
ORD6812,CUST2812,PROD2012,2021-06-02,7,243.85,1706.95
ORD6813,CUST2813,PROD2013,2023-02-06,9,57.06,513.54
ORD6814,CUST2814,PROD2014,2021-09-14,5,248.2,1241.0
ORD6815,CUST2815,PROD2015,2023-04-23,8,40.29,322.32
ORD6816,CUST2816,PROD2016,2024-12-17,5,294.37,1471.85
ORD6817,CUST2817,PROD2017,2022-02-22,9,103.64,932.76
ORD6818,CUST2818,PROD2018,2022-01-03,4,452.0,1808.0
ORD6819,CUST2819,PROD2019,2025-04-23,1,899.63,899.63
ORD6820,CUST2820,PROD2020,2021-10-31,9,219.62,1976.58
ORD6821,CUST2821,PROD2021,2024-04-27,9,183.35,1650.15
ORD6822,CUST2822,PROD2022,2024-04-28,3,634.36,1903.08
ORD6823,CUST2823,PROD2023,2022-12-30,8,90.04,720.32
ORD6824,CUST2824,PROD2024,2023-01-10,3,132.42,397.26
ORD6825,CUST2825,PROD2025,2025-04-08,2,369.9,739.8
ORD6826,CUST2826,PROD2026,2022-01-01,6,193.98,1163.88
ORD6827,CUST2827,PROD2027,2025-06-01,3,213.98,641.94
ORD6828,CUST2828,PROD2028,2022-08-17,9,139.2,1252.8
ORD6829,CUST2829,PROD2029,2023-05-30,1,429.99,429.99
ORD6830,CUST2830,PROD2030,2023-05-29,6,204.48,1226.88
ORD6831,CUST2831,PROD2031,2025-05-06,5,26.95,134.75
ORD6832,CUST2832,PROD2032,2023-03-24,6,22.66,135.96
ORD6833,CUST2833,PROD2033,2025-07-28,9,150.86,1357.74
ORD6834,CUST2834,PROD2034,2023-04-07,3,347.74,1043.22
ORD6835,CUST2835,PROD2035,2024-02-14,9,11.42,102.78
ORD6836,CUST2836,PROD2036,2023-01-15,3,531.15,1593.45
ORD6837,CUST2837,PROD2037,2022-09-10,1,1339.0,1339.0
ORD6838,CUST2838,PROD2038,2022-02-05,1,809.03,809.03
ORD6839,CUST2839,PROD2039,2025-05-28,3,423.72,1271.16
ORD6840,CUST2840,PROD2040,2023-01-22,7,72.44,507.08
ORD6841,CUST2841,PROD2041,2022-12-02,4,156.44,625.76
ORD6842,CUST2842,PROD2042,2022-02-22,6,158.08,948.48
ORD6843,CUST2843,PROD2043,2024-01-21,1,644.69,644.69
ORD6844,CUST2844,PROD2044,2024-02-22,3,570.25,1710.75
ORD6845,CUST2845,PROD2045,2023-04-24,7,267.0,1869.0
ORD6846,CUST2846,PROD2046,2024-03-09,4,138.42,553.68
ORD6847,CUST2847,PROD2047,2024-05-18,7,71.79,502.53
ORD6848,CUST2848,PROD2048,2023-07-19,4,477.46,1909.84
ORD6849,CUST2849,PROD2049,2022-09-09,1,601.04,601.04
ORD6850,CUST2850,PROD2050,2024-10-14,3,467.71,1403.13
ORD6851,CUST2851,PROD2051,2022-03-18,7,147.14,1029.98
ORD6852,CUST2852,PROD2052,2023-11-30,2,283.39,566.78
ORD6853,CUST2853,PROD2053,2025-07-30,2,743.56,1487.12
ORD6854,CUST2854,PROD2054,2022-10-13,8,63.1,504.8
ORD6855,CUST2855,PROD2055,2024-07-18,7,189.33,1325.31
ORD6856,CUST2856,PROD2056,2024-01-09,4,365.3,1461.2
ORD6857,CUST2857,PROD2057,2023-10-10,9,44.94,404.46
ORD6858,CUST2858,PROD2058,2023-08-29,2,556.42,1112.84
ORD6859,CUST2859,PROD2059,2024-12-18,6,103.42,620.52
ORD6860,CUST2860,PROD2060,2024-12-17,4,300.08,1200.32
ORD6861,CUST2861,PROD2061,2024-08-15,2,117.58,235.16
ORD6862,CUST2862,PROD2062,2021-02-24,1,1685.5,1685.5
ORD6863,CUST2863,PROD2063,2023-01-10,5,331.38,1656.9
ORD6864,CUST2864,PROD2064,2023-04-11,1,529.98,529.98
ORD6865,CUST2865,PROD2065,2025-06-13,3,642.41,1927.23
ORD6866,CUST2866,PROD2066,2025-07-25,9,118.68,1068.12
ORD6867,CUST2867,PROD2067,2022-09-27,1,570.81,570.81
ORD6868,CUST2868,PROD2068,2022-12-31,3,410.67,1232.01
ORD6869,CUST2869,PROD2069,2023-05-15,8,21.9,175.2
ORD6870,CUST2870,PROD2070,2025-06-02,8,239.88,1919.04
ORD6871,CUST2871,PROD2071,2025-08-07,1,1761.57,1761.57
ORD6872,CUST2872,PROD2072,2024-04-22,1,1081.8,1081.8
ORD6873,CUST2873,PROD2073,2023-06-12,5,152.49,762.45
ORD6874,CUST2874,PROD2074,2025-02-16,1,1955.81,1955.81
ORD6875,CUST2875,PROD2075,2020-09-11,7,92.5,647.5
ORD6876,CUST2876,PROD2076,2021-12-25,3,207.01,621.03
ORD6877,CUST2877,PROD2077,2023-02-19,8,51.21,409.68
ORD6878,CUST2878,PROD2078,2024-01-20,1,1358.08,1358.08
ORD6879,CUST2879,PROD2079,2022-03-20,2,420.35,840.7
ORD6880,CUST2880,PROD2080,2024-11-06,3,418.53,1255.59
ORD6881,CUST2881,PROD2081,2023-08-09,6,192.16,1152.96
ORD6882,CUST2882,PROD2082,2023-03-26,3,410.43,1231.29
ORD6883,CUST2883,PROD2083,2024-03-16,6,170.66,1023.96
ORD6884,CUST2884,PROD2084,2024-04-17,8,32.67,261.36
ORD6885,CUST2885,PROD2085,2024-03-21,1,1453.08,1453.08
ORD6886,CUST2886,PROD2086,2024-11-07,9,104.39,939.51
ORD6887,CUST2887,PROD2087,2024-10-24,1,935.95,935.95
ORD6888,CUST2888,PROD2088,2023-03-20,6,6.43,38.58
ORD6889,CUST2889,PROD2089,2023-12-12,2,334.5,669.0
ORD6890,CUST2890,PROD2090,2021-04-08,7,72.16,505.12
ORD6891,CUST2891,PROD2091,2024-09-22,5,198.07,990.35
ORD6892,CUST2892,PROD2092,2023-11-04,1,1180.59,1180.59
ORD6893,CUST2893,PROD2093,2024-11-14,5,83.69,418.45
ORD6894,CUST2894,PROD2094,2024-05-15,7,228.12,1596.84
ORD6895,CUST2895,PROD2095,2022-11-02,5,284.69,1423.45
ORD6896,CUST2896,PROD2096,2024-07-09,5,10.34,51.7
ORD6897,CUST2897,PROD2097,2023-10-11,6,218.72,1312.32
ORD6898,CUST2898,PROD2098,2023-04-22,6,211.68,1270.08
ORD6899,CUST2899,PROD2099,2024-01-04,7,102.92,720.44
ORD6900,CUST2900,PROD2100,2023-06-06,6,277.83,1666.98
ORD6901,CUST2901,PROD2101,2022-02-22,6,224.46,1346.76
ORD6902,CUST2902,PROD2102,2022-04-25,3,277.63,832.89
ORD6903,CUST2903,PROD2103,2022-10-22,4,350.36,1401.44
ORD6904,CUST2904,PROD2104,2024-09-06,5,213.68,1068.4
ORD6905,CUST2905,PROD2105,2023-01-26,8,36.09,288.72
ORD6906,CUST2906,PROD2106,2022-09-08,6,267.89,1607.34
ORD6907,CUST2907,PROD2107,2025-01-21,2,755.64,1511.28
ORD6908,CUST2908,PROD2108,2021-08-31,1,1725.32,1725.32
ORD6909,CUST2909,PROD2109,2024-10-10,7,87.1,609.7
ORD6910,CUST2910,PROD2110,2024-06-20,6,104.59,627.54
ORD6911,CUST2911,PROD2111,2023-11-30,2,79.28,158.56
ORD6912,CUST2912,PROD2112,2024-09-26,6,197.22,1183.32
ORD6913,CUST2913,PROD2113,2022-06-06,1,343.73,343.73
ORD6914,CUST2914,PROD2114,2023-10-14,6,183.62,1101.72
ORD6915,CUST2915,PROD2115,2025-09-01,7,266.26,1863.82
ORD6916,CUST2916,PROD2116,2025-04-26,6,231.08,1386.48
ORD6917,CUST2917,PROD2117,2022-11-20,7,261.03,1827.21
ORD6918,CUST2918,PROD2118,2023-11-17,4,220.35,881.4
ORD6919,CUST2919,PROD2119,2021-07-22,7,88.49,619.43
ORD6920,CUST2920,PROD2120,2022-01-28,7,229.56,1606.92
ORD6921,CUST2921,PROD2121,2025-12-04,6,38.42,230.52
ORD6922,CUST2922,PROD2122,2025-09-02,6,35.18,211.08
ORD6923,CUST2923,PROD2123,2021-11-28,1,96.43,96.43
ORD6924,CUST2924,PROD2124,2025-02-21,9,198.52,1786.68
ORD6925,CUST2925,PROD2125,2021-10-28,3,423.9,1271.7
ORD6926,CUST2926,PROD2126,2024-07-24,4,182.16,728.64
ORD6927,CUST2927,PROD2127,2022-06-29,1,978.85,978.85
ORD6928,CUST2928,PROD2128,2022-05-14,2,657.06,1314.12
ORD6929,CUST2929,PROD2129,2023-09-14,8,6.78,54.24
ORD6930,CUST2930,PROD2130,2023-10-24,2,289.8,579.6
ORD6931,CUST2931,PROD2131,2023-01-26,8,21.72,173.76
ORD6932,CUST2932,PROD2132,2022-10-21,1,780.1,780.1
ORD6933,CUST2933,PROD2133,2025-01-01,3,460.48,1381.44
ORD6934,CUST2934,PROD2134,2022-02-20,6,332.45,1994.7
ORD6935,CUST2935,PROD2135,2023-06-04,4,66.25,265.0
ORD6936,CUST2936,PROD2136,2022-03-14,8,132.92,1063.36
ORD6937,CUST2937,PROD2137,2023-09-01,9,187.24,1685.16
ORD6938,CUST2938,PROD2138,2024-09-01,1,1575.87,1575.87
ORD6939,CUST2939,PROD2139,2024-12-02,5,141.13,705.65
ORD6940,CUST2940,PROD2140,2025-02-26,3,584.37,1753.11
ORD6941,CUST2941,PROD2141,2023-11-17,5,389.05,1945.25
ORD6942,CUST2942,PROD2142,2024-06-12,3,495.74,1487.22
ORD6943,CUST2943,PROD2143,2025-08-05,9,19.39,174.51
ORD6944,CUST2944,PROD2144,2023-06-29,3,444.92,1334.76
ORD6945,CUST2945,PROD2145,2022-11-23,6,85.87,515.22
ORD6946,CUST2946,PROD2146,2023-11-21,3,382.88,1148.64
ORD6947,CUST2947,PROD2147,2023-11-12,9,177.29,1595.61
ORD6948,CUST2948,PROD2148,2024-09-27,6,130.54,783.24
ORD6949,CUST2949,PROD2149,2025-03-13,1,1249.74,1249.74
ORD6950,CUST2950,PROD2150,2022-09-19,4,290.81,1163.24
ORD6951,CUST2951,PROD2151,2024-09-07,5,366.09,1830.45
ORD6952,CUST2952,PROD2152,2025-05-05,3,34.53,103.59
ORD6953,CUST2953,PROD2153,2024-05-14,8,112.73,901.84
ORD6954,CUST2954,PROD2154,2023-11-30,1,1019.71,1019.71
ORD6955,CUST2955,PROD2155,2025-07-06,6,74.99,449.94
ORD6956,CUST2956,PROD2156,2023-11-29,4,434.02,1736.08
ORD6957,CUST2957,PROD2157,2023-03-19,4,358.32,1433.28
ORD6958,CUST2958,PROD2158,2023-05-11,9,189.52,1705.68
ORD6959,CUST2959,PROD2159,2023-12-30,3,239.76,719.28
ORD6960,CUST2960,PROD2160,2025-05-22,9,43.42,390.78
ORD6961,CUST2961,PROD2161,2025-02-27,2,153.87,307.74
ORD6962,CUST2962,PROD2162,2025-03-15,4,8.1,32.4
ORD6963,CUST2963,PROD2163,2025-01-16,4,325.53,1302.12
ORD6964,CUST2964,PROD2164,2023-03-05,8,211.46,1691.68
ORD6965,CUST2965,PROD2165,2023-04-10,2,293.7,587.4
ORD6966,CUST2966,PROD2166,2023-03-13,8,157.86,1262.88
ORD6967,CUST2967,PROD2167,2025-03-04,2,927.22,1854.44
ORD6968,CUST2968,PROD2168,2023-04-14,5,33.59,167.95
ORD6969,CUST2969,PROD2169,2021-01-17,4,295.43,1181.72
ORD6970,CUST2970,PROD2170,2024-03-08,9,91.9,827.1
ORD6971,CUST2971,PROD2171,2024-09-17,2,531.37,1062.74
ORD6972,CUST2972,PROD2172,2024-02-11,4,143.44,573.76
ORD6973,CUST2973,PROD2173,2025-12-06,4,432.84,1731.36
ORD6974,CUST2974,PROD2174,2023-01-06,4,61.63,246.52
ORD6975,CUST2975,PROD2175,2022-09-09,7,146.29,1024.03
ORD6976,CUST2976,PROD2176,2024-11-23,2,142.63,285.26
ORD6977,CUST2977,PROD2177,2025-08-13,5,281.51,1407.55
ORD6978,CUST2978,PROD2178,2024-09-01,4,314.29,1257.16
ORD6979,CUST2979,PROD2179,2020-07-11,3,628.04,1884.12
ORD6980,CUST2980,PROD2180,2022-12-16,3,145.3,435.9
ORD6981,CUST2981,PROD2181,2024-01-12,3,81.86,245.58
ORD6982,CUST2982,PROD2182,2025-07-22,4,478.29,1913.16
ORD6983,CUST2983,PROD2183,2022-07-19,2,386.17,772.34
ORD6984,CUST2984,PROD2184,2024-03-04,1,1902.06,1902.06
ORD6985,CUST2985,PROD2185,2023-08-21,8,11.23,89.84
ORD6986,CUST2986,PROD2186,2024-03-08,2,522.95,1045.9
ORD6987,CUST2987,PROD2187,2024-04-21,4,354.59,1418.36
ORD6988,CUST2988,PROD2188,2024-10-07,8,35.7,285.6
ORD6989,CUST2989,PROD2189,2025-05-06,5,394.6,1973.0
ORD6990,CUST2990,PROD2190,2025-05-21,5,71.62,358.1
ORD6991,CUST2991,PROD2191,2024-12-16,3,260.37,781.11
ORD6992,CUST2992,PROD2192,2023-11-14,3,281.42,844.26
ORD6993,CUST2993,PROD2193,2021-09-08,9,54.05,486.45
ORD6994,CUST2994,PROD2194,2024-02-15,4,77.92,311.68
ORD6995,CUST2995,PROD2195,2023-07-22,7,30.34,212.38
ORD6996,CUST2996,PROD2196,2023-10-29,3,381.38,1144.14
ORD6997,CUST2997,PROD2197,2022-08-15,6,305.05,1830.3
ORD6998,CUST2998,PROD2198,2024-12-15,1,229.14,229.14
ORD6999,CUST2999,PROD2199,2023-07-25,7,4.41,30.87
